latitude,longitude,brightness,frp,frp_category,acq_date
34.332,-105.8161,305.3,35.8,2,2024-01-06
36.9929,-104.8735,310.5,14.6,1,2024-01-09
36.9806,-104.8447,314.0,17.8,1,2024-01-09
32.8326,-104.3568,310.8,15.9,1,2024-01-11
32.1691,-107.7695,313.9,8.6,1,2024-01-14
32.1617,-107.7559,362.2,101.8,3,2024-01-14
32.1598,-107.7673,323.2,19.0,1,2024-01-14
33.2044,-104.411,301.6,7.8,1,2024-01-16
35.6417,-105.2062,305.6,9.8,1,2024-01-16
35.3654,-106.5072,300.8,6.6,1,2024-01-26
34.2909,-106.0862,303.8,21.7,2,2024-01-29
34.287,-106.0949,301.4,15.2,1,2024-01-29
34.2899,-106.0995,321.2,45.1,2,2024-01-30
32.3429,-106.8689,332.0,29.3,2,2024-01-31
36.4645,-104.6449,347.2,62.7,3,2024-02-04
36.4605,-104.6247,385.3,199.6,3,2024-02-04
36.4585,-104.6366,421.3,465.7,3,2024-02-04
36.4685,-104.6211,315.8,14.4,1,2024-02-04
33.5009,-103.8753,310.5,20.9,2,2024-02-05
33.5205,-103.8481,307.2,15.0,1,2024-02-05
32.6295,-105.6959,304.2,15.7,1,2024-02-05
33.4974,-103.8389,318.1,33.6,2,2024-02-05
33.4953,-103.8636,315.2,25.2,2,2024-02-05
33.4918,-103.8501,310.6,37.3,2,2024-02-08
33.4839,-103.8843,307.4,25.1,2,2024-02-08
33.4894,-103.8565,310.2,36.5,2,2024-02-08
33.4735,-105.5932,306.9,9.7,1,2024-02-09
33.4753,-105.5822,317.6,18.5,1,2024-02-09
34.7454,-106.664,319.7,14.3,1,2024-02-09
32.3191,-106.8595,312.0,8.6,1,2024-02-12
34.0955,-105.4532,303.6,63.9,3,2024-02-13
34.0946,-105.4588,301.9,51.6,3,2024-02-13
34.0911,-105.4587,344.8,233.5,3,2024-02-13
34.0978,-105.4299,313.7,50.3,3,2024-02-13
34.081,-105.4802,310.6,42.9,2,2024-02-13
34.0876,-105.4507,358.7,377.2,3,2024-02-13
33.4072,-104.5883,307.6,29.3,2,2024-02-13
33.4183,-104.5905,358.1,83.0,3,2024-02-14
33.4168,-104.5799,323.0,21.5,2,2024-02-14
32.0255,-104.3266,341.0,39.8,2,2024-02-14
32.0184,-104.3541,320.0,9.3,1,2024-02-14
33.3497,-104.4359,307.6,4.4,1,2024-02-14
33.4126,-104.5917,327.9,24.6,2,2024-02-14
33.8066,-108.9356,302.6,7.2,1,2024-02-14
35.8265,-106.5395,314.2,17.7,1,2024-02-14
32.1155,-103.971,315.3,9.9,1,2024-02-19
32.1137,-103.9599,311.3,5.9,1,2024-02-19
33.4847,-103.8206,324.6,75.5,3,2024-02-20
33.4778,-103.8509,361.9,410.8,3,2024-02-20
33.4709,-103.8814,326.9,85.6,3,2024-02-20
32.6099,-103.3041,300.7,9.8,1,2024-02-23
32.1436,-104.0052,310.1,5.5,1,2024-02-24
34.7247,-106.7184,320.9,13.8,1,2024-02-28
35.1999,-103.1007,319.2,12.1,1,2024-02-28
34.7213,-106.7257,322.4,16.2,1,2024-02-28
34.7223,-106.7313,315.0,7.1,1,2024-02-28
34.6446,-106.7659,322.2,15.1,1,2024-03-02
36.284,-106.4978,300.0,7.6,1,2024-03-03
34.3751,-106.823,310.9,7.5,1,2024-03-05
34.8625,-106.6752,318.5,32.7,2,2024-03-05
35.3079,-103.864,301.0,10.4,1,2024-03-06
35.3392,-103.7134,320.8,12.5,1,2024-03-07
35.3414,-103.7845,386.4,192.7,3,2024-03-07
35.3395,-103.773,359.5,86.3,3,2024-03-07
35.332,-103.7271,316.0,8.0,1,2024-03-07
35.3302,-103.7155,317.1,8.6,1,2024-03-07
35.3342,-103.798,315.0,7.6,1,2024-03-07
35.3323,-103.7866,321.3,14.3,1,2024-03-07
35.3304,-103.7752,316.5,9.2,1,2024-03-07
35.3273,-103.806,312.7,7.3,1,2024-03-07
34.425,-104.1963,331.3,27.3,2,2024-03-07
34.1006,-108.0698,305.4,24.0,2,2024-03-08
34.1099,-108.0604,301.9,18.9,1,2024-03-08
35.2967,-103.8683,316.3,10.4,1,2024-03-09
35.2206,-108.9052,304.0,2.4,1,2024-03-09
35.5375,-103.6399,312.4,19.5,1,2024-03-10
35.535,-103.6914,311.9,19.4,1,2024-03-10
35.527,-103.702,315.5,37.4,2,2024-03-10
35.5357,-103.6788,315.3,34.9,2,2024-03-10
33.4154,-104.4172,371.1,154.6,3,2024-03-12
33.4057,-104.4196,356.1,94.6,3,2024-03-12
32.165,-103.8287,316.0,17.7,1,2024-03-13
33.6933,-104.3081,320.8,11.3,1,2024-03-14
33.6948,-104.3187,353.5,63.8,3,2024-03-14
33.9397,-105.6292,307.3,7.2,1,2024-03-19
36.3382,-103.1245,311.1,24.2,2,2024-03-20
36.3455,-103.1288,316.6,53.5,3,2024-03-20
36.6615,-103.0268,341.2,47.0,2,2024-03-21
36.66,-103.0141,335.1,34.6,2,2024-03-21
32.8284,-107.2939,312.1,12.0,1,2024-03-27
34.3241,-106.5099,322.5,19.9,1,2024-04-03
34.3263,-106.5227,324.6,24.0,2,2024-04-03
34.0541,-104.8658,316.1,8.4,1,2024-04-03
32.6792,-108.7644,312.5,5.7,1,2024-04-03
35.2796,-103.4386,323.8,35.9,2,2024-04-03
34.325,-103.8127,321.7,35.8,2,2024-04-04
35.3239,-103.67,332.7,16.0,1,2024-04-04
35.3224,-103.681,346.8,39.3,2,2024-04-04
35.3276,-103.7103,327.0,9.1,1,2024-04-04
32.8695,-106.1347,329.2,38.6,2,2024-04-06
32.8701,-106.1228,320.2,14.7,1,2024-04-06
32.8664,-106.1411,328.4,36.8,2,2024-04-06
33.0122,-108.1406,321.2,47.3,2,2024-04-10
32.9577,-105.4824,346.1,61.0,3,2024-04-11
32.9555,-105.4948,370.9,150.0,3,2024-04-11
32.9903,-108.0762,327.7,43.0,2,2024-04-11
32.987,-108.0931,333.4,60.3,3,2024-04-11
32.9889,-108.0825,334.8,63.7,3,2024-04-11
32.9855,-108.0994,318.1,21.4,2,2024-04-11
36.7319,-108.4187,320.8,11.2,1,2024-04-11
32.9536,-105.4796,317.7,12.1,1,2024-04-12
32.955,-105.4909,310.7,5.9,1,2024-04-12
35.5091,-106.3704,319.5,14.2,1,2024-04-13
36.5792,-104.6053,327.2,18.2,1,2024-04-13
36.5645,-104.5737,323.8,18.0,1,2024-04-14
36.6201,-108.252,366.2,153.1,3,2024-04-17
36.6185,-108.2368,343.9,64.0,3,2024-04-17
36.6217,-108.2425,352.4,92.4,3,2024-04-17
34.2132,-103.2971,320.3,5.6,1,2024-04-17
36.7719,-108.6551,328.9,12.8,1,2024-04-21
36.7701,-108.6663,355.4,62.1,3,2024-04-21
32.9512,-105.4694,329.4,142.8,3,2024-04-22
33.9242,-107.5688,313.6,30.0,2,2024-04-23
33.9166,-107.5485,301.9,15.6,1,2024-04-23
33.9273,-107.552,313.6,30.0,2,2024-04-23
33.9128,-107.5596,333.7,43.5,2,2024-04-23
33.9262,-107.5473,322.9,18.5,1,2024-04-23
33.9233,-107.5628,340.5,63.0,3,2024-04-23
35.1642,-108.2244,365.1,180.2,3,2024-04-23
35.1611,-108.2405,327.4,37.1,2,2024-04-23
35.1748,-108.2277,359.9,150.4,3,2024-04-23
35.1717,-108.2439,327.6,36.3,2,2024-04-23
32.9472,-105.4581,329.1,17.7,1,2024-04-23
33.9158,-107.5438,325.4,23.5,2,2024-04-23
36.7169,-108.2291,326.1,11.3,1,2024-04-24
33.6659,-108.4943,329.5,36.0,2,2024-04-29
32.226,-103.5277,328.6,8.6,1,2024-04-29
33.6563,-108.483,322.8,23.6,2,2024-04-29
33.6545,-108.5024,345.9,104.9,3,2024-04-29
33.9553,-107.5767,325.8,31.0,2,2024-04-29
33.9678,-107.5779,345.1,111.9,3,2024-04-29
33.6558,-108.5149,328.7,40.3,2,2024-04-29
33.6479,-108.4744,333.0,50.9,3,2024-04-29
33.6461,-108.4936,357.2,161.1,3,2024-04-29
33.6442,-108.5126,333.7,55.8,3,2024-04-29
33.6577,-108.4956,341.5,83.8,3,2024-04-29
33.5213,-107.8552,318.0,14.2,1,2024-04-30
33.5181,-107.8386,353.0,129.9,3,2024-04-30
33.5149,-107.8216,316.7,14.6,1,2024-04-30
33.5071,-107.8414,358.8,158.9,3,2024-04-30
33.5039,-107.8243,335.1,58.6,3,2024-04-30
33.4837,-107.8579,328.2,51.6,3,2024-04-30
33.4885,-107.8348,340.8,110.7,3,2024-04-30
33.5009,-107.8384,344.5,128.9,3,2024-04-30
33.4961,-107.8617,331.3,59.8,3,2024-04-30
33.4889,-107.8422,351.3,171.8,3,2024-04-30
33.5013,-107.8458,351.9,176.5,3,2024-04-30
33.4915,-107.8447,309.4,12.1,1,2024-05-01
33.5005,-107.8464,332.7,36.5,2,2024-05-01
33.4708,-107.8319,321.5,43.9,2,2024-05-01
33.4781,-107.8526,331.5,95.7,3,2024-05-01
33.473,-107.8608,322.2,49.3,2,2024-05-01
33.4467,-107.8623,337.9,31.7,2,2024-05-01
33.4576,-107.8518,332.5,20.2,2,2024-05-01
33.4561,-107.8639,386.3,200.1,3,2024-05-01
33.4546,-107.8759,345.8,45.8,2,2024-05-01
33.4669,-107.8536,359.0,81.3,3,2024-05-01
33.4655,-107.8655,381.4,172.8,3,2024-05-01
33.4763,-107.8552,332.6,20.0,1,2024-05-01
35.513,-106.3786,328.2,15.3,1,2024-05-02
35.1184,-103.5394,330.5,34.9,2,2024-05-02
33.924,-107.5833,327.0,32.6,2,2024-05-03
33.9332,-107.5855,324.7,29.2,2,2024-05-03
33.9424,-107.5878,305.4,10.0,1,2024-05-03
32.634,-105.6961,357.8,67.8,3,2024-05-03
32.6326,-105.7066,339.1,29.0,2,2024-05-03
33.9248,-107.5824,337.3,28.2,2,2024-05-03
32.337,-105.9026,329.5,10.2,1,2024-05-04
36.4902,-106.4174,362.9,119.6,3,2024-05-17
34.0655,-108.4092,331.6,55.5,3,2024-05-17
34.0768,-108.4132,325.5,35.9,2,2024-05-17
36.4694,-106.4053,325.8,21.4,2,2024-05-17
36.4708,-106.4123,326.6,22.3,2,2024-05-17
36.4805,-106.4149,326.7,22.4,2,2024-05-17
36.4926,-106.4036,316.4,8.7,1,2024-05-17
34.2419,-106.8908,353.9,87.5,3,2024-05-18
34.2405,-106.9028,324.3,27.8,2,2024-05-18
34.2467,-106.8975,306.3,10.5,1,2024-05-18
34.2455,-106.8929,333.5,61.4,3,2024-05-18
32.9519,-105.4603,335.5,53.1,3,2024-05-18
34.0475,-108.4224,327.8,19.2,1,2024-05-18
34.0491,-108.4085,348.9,70.3,3,2024-05-18
34.0591,-108.41,358.2,100.6,3,2024-05-18
34.0576,-108.4236,326.6,15.5,1,2024-05-18
33.4231,-105.7962,301.4,42.1,2,2024-05-19
33.4324,-105.8053,307.1,61.6,3,2024-05-19
33.424,-105.8062,328.9,73.7,3,2024-05-19
33.4253,-105.7944,305.4,9.3,1,2024-05-20
33.4342,-105.7962,300.9,6.3,1,2024-05-20
36.2969,-106.7091,313.2,15.4,1,2024-05-20
36.2985,-106.6983,314.6,16.4,1,2024-05-20
36.2964,-106.6962,316.7,29.1,2,2024-05-20
36.301,-106.7013,349.2,518.5,3,2024-05-20
36.2901,-106.7013,333.4,40.3,2,2024-05-20
36.3007,-106.6913,337.0,45.0,2,2024-05-20
36.2991,-106.7036,348.5,67.9,3,2024-05-20
36.3078,-106.6913,334.3,30.2,2,2024-05-21
36.2929,-106.7003,323.6,17.8,1,2024-05-21
36.2914,-106.6888,318.5,11.4,1,2024-05-21
34.417,-104.7561,325.6,67.8,3,2024-05-21
34.4208,-104.7257,322.9,44.2,2,2024-05-21
34.4118,-104.7617,323.4,45.5,2,2024-05-21
34.9826,-108.0256,334.9,34.2,2,2024-05-22
34.9899,-108.0417,323.0,13.2,1,2024-05-22
36.2863,-106.7128,340.5,39.5,2,2024-05-22
36.2954,-106.7148,332.0,27.0,2,2024-05-22
36.2937,-106.6878,300.2,10.9,1,2024-05-23
36.292,-106.7054,303.3,14.4,1,2024-05-23
36.2918,-106.6873,321.3,32.4,2,2024-05-23
34.9674,-108.0184,317.9,22.0,2,2024-05-23
36.2866,-106.7018,324.4,43.6,2,2024-05-23
36.2934,-106.7056,321.4,35.6,2,2024-05-23
34.9642,-108.0344,348.4,110.3,3,2024-05-23
33.4266,-105.7775,387.2,652.1,3,2024-05-23
33.4242,-105.8072,382.4,569.4,3,2024-05-23
34.9661,-108.0143,325.0,22.5,2,2024-05-23
34.976,-108.0359,334.7,53.7,3,2024-05-23
36.2867,-106.6902,345.9,161.1,3,2024-05-23
36.2844,-106.7192,344.5,153.0,3,2024-05-23
36.2853,-106.6696,320.9,32.3,2,2024-05-23
36.2834,-106.6952,344.5,148.8,3,2024-05-23
36.2813,-106.7239,328.8,67.6,3,2024-05-23
33.4234,-105.7677,313.4,69.7,3,2024-05-24
33.417,-105.7968,320.6,101.2,3,2024-05-24
33.443,-105.7466,376.4,680.3,3,2024-05-24
33.4369,-105.7746,420.4,1950.7,3,2024-05-24
33.4312,-105.8004,358.3,408.3,3,2024-05-24
33.4566,-105.7527,345.0,259.0,3,2024-05-24
33.4508,-105.7794,347.8,287.8,3,2024-05-24
33.432,-105.7464,300.3,24.9,2,2024-05-24
33.4253,-105.7762,339.9,221.0,3,2024-05-24
33.4191,-105.8035,321.0,99.0,3,2024-05-24
33.4452,-105.7544,400.7,1250.9,3,2024-05-24
33.4393,-105.7808,413.8,1694.6,3,2024-05-24
33.4332,-105.8081,327.9,135.4,3,2024-05-24
33.459,-105.7597,303.7,34.6,2,2024-05-24
33.4341,-105.7519,351.3,77.2,3,2024-05-24
33.4294,-105.788,310.0,14.0,1,2024-05-24
33.428,-105.7768,323.0,27.0,2,2024-05-24
36.284,-106.6964,301.9,11.1,1,2024-05-24
33.4605,-105.7364,304.6,9.0,1,2024-05-24
33.4557,-105.7724,302.2,7.1,1,2024-05-24
33.4543,-105.761,322.7,24.8,2,2024-05-24
33.4528,-105.7496,390.0,230.7,3,2024-05-24
33.4512,-105.7379,434.8,619.7,3,2024-05-24
33.4497,-105.7265,336.1,44.8,2,2024-05-24
33.4479,-105.785,374.2,153.2,3,2024-05-24
33.4464,-105.7736,421.9,478.7,3,2024-05-24
33.445,-105.7624,372.7,144.7,3,2024-05-24
33.4435,-105.7509,387.2,214.3,3,2024-05-24
33.4419,-105.739,331.7,37.0,2,2024-05-24
33.4386,-105.7863,395.2,264.3,3,2024-05-24
33.4372,-105.7753,377.0,164.5,3,2024-05-24
33.4357,-105.7639,364.4,114.8,3,2024-05-24
36.2873,-106.7017,347.4,67.4,3,2024-05-24
36.2849,-106.6881,321.6,17.3,1,2024-05-24
33.4252,-105.77,342.6,75.1,3,2024-05-24
34.9774,-108.0241,327.6,17.6,1,2024-05-24
33.4239,-105.7465,309.3,10.8,1,2024-05-25
33.421,-105.7677,322.8,20.6,2,2024-05-25
33.4182,-105.7886,315.7,15.4,1,2024-05-25
33.4327,-105.7481,375.5,136.0,3,2024-05-25
33.4312,-105.7587,364.3,97.2,3,2024-05-25
33.4298,-105.7691,348.7,57.3,3,2024-05-25
33.4284,-105.7797,328.6,26.4,2,2024-05-25
33.4443,-105.7286,323.5,21.9,2,2024-05-25
33.4429,-105.7391,317.5,15.1,1,2024-05-25
33.4415,-105.7497,340.4,42.4,2,2024-05-25
33.4517,-105.7407,302.7,6.6,1,2024-05-25
33.4503,-105.7513,309.6,9.6,1,2024-05-25
33.4489,-105.7619,343.8,50.0,2,2024-05-25
33.4474,-105.7726,382.0,162.0,3,2024-05-25
33.446,-105.7832,405.6,290.6,3,2024-05-25
33.4446,-105.7937,368.9,113.8,3,2024-05-25
36.2816,-106.6972,300.1,7.1,1,2024-05-25
36.2801,-106.7081,302.6,8.5,1,2024-05-25
36.2873,-106.721,317.6,18.5,1,2024-05-25
33.4245,-105.7509,338.1,145.7,3,2024-05-25
33.4587,-105.7279,300.3,21.1,2,2024-05-25
33.4569,-105.7812,336.0,132.6,3,2024-05-25
33.4514,-105.7561,338.3,144.3,3,2024-05-25
33.4463,-105.733,338.7,145.9,3,2024-05-25
33.441,-105.7086,344.1,181.1,3,2024-05-25
33.4593,-105.7878,315.2,53.7,3,2024-05-25
33.4541,-105.7631,345.2,186.4,3,2024-05-25
33.449,-105.7391,324.6,82.8,3,2024-05-25
33.4439,-105.7149,354.4,256.5,3,2024-05-25
33.4418,-105.7687,310.4,39.7,2,2024-05-25
33.4369,-105.7456,339.2,149.0,3,2024-05-25
33.4318,-105.7219,312.5,44.4,2,2024-05-25
33.4295,-105.7743,315.7,55.7,3,2024-05-25
33.4408,-105.7565,337.1,146.2,3,2024-05-25
33.4385,-105.7247,361.6,403.6,3,2024-05-25
33.4365,-105.6958,331.9,108.0,3,2024-05-25
33.4259,-105.7548,340.9,183.9,3,2024-05-25
33.4238,-105.7243,323.8,62.5,3,2024-05-25
33.4429,-105.7869,333.0,126.3,3,2024-05-25
33.4534,-105.7268,327.4,79.2,3,2024-05-25
33.4556,-105.7575,345.2,220.4,3,2024-05-25
33.4577,-105.7876,326.6,88.6,3,2024-05-25
33.4266,-105.7474,342.6,179.3,3,2024-05-25
33.4394,-105.718,368.3,494.6,3,2024-05-25
33.4434,-105.7798,337.3,148.3,3,2024-05-25
33.4563,-105.7506,340.6,175.5,3,2024-05-25
33.4582,-105.781,337.6,159.1,3,2024-05-25
36.2807,-106.6806,314.4,74.4,3,2024-05-25
36.2826,-106.7176,316.9,97.1,3,2024-05-25
33.4241,-105.7339,356.4,92.9,3,2024-05-25
33.4226,-105.7478,349.8,70.1,3,2024-05-25
33.4209,-105.7625,349.8,71.5,3,2024-05-25
33.4179,-105.79,337.8,41.5,2,2024-05-25
33.4376,-105.7052,338.8,39.6,2,2024-05-25
33.4359,-105.7206,368.6,146.7,3,2024-05-25
33.4342,-105.7354,396.3,328.2,3,2024-05-25
33.4327,-105.7492,379.0,201.1,3,2024-05-25
33.4311,-105.7629,343.9,52.1,3,2024-05-25
33.4478,-105.7062,331.6,24.3,2,2024-05-25
33.4461,-105.7208,364.9,130.6,3,2024-05-25
33.4445,-105.7356,357.0,94.3,3,2024-05-25
33.4429,-105.7496,341.9,49.1,2,2024-05-25
33.4396,-105.7787,335.6,33.7,2,2024-05-25
33.4379,-105.7938,340.5,45.9,2,2024-05-25
33.4531,-105.7504,362.2,116.4,3,2024-05-25
33.4514,-105.7652,375.5,181.0,3,2024-05-25
33.4497,-105.78,361.8,115.6,3,2024-05-25
33.4481,-105.7941,338.5,41.3,2,2024-05-25
33.4648,-105.7381,339.2,42.8,2,2024-05-25
33.4631,-105.7525,378.2,200.6,3,2024-05-25
33.4616,-105.7664,336.3,35.0,2,2024-05-25
36.2811,-106.7236,336.0,45.7,2,2024-05-25
33.4309,-105.7425,308.5,67.0,3,2024-05-26
33.4471,-105.7387,314.1,92.8,3,2024-05-26
33.4449,-105.7816,313.4,89.7,3,2024-05-26
33.461,-105.7803,310.8,74.6,3,2024-05-26
33.4379,-105.7341,317.4,107.0,3,2024-05-26
33.4517,-105.7738,318.3,113.9,3,2024-05-26
33.4406,-105.7222,313.1,31.9,2,2024-05-26
33.4481,-105.801,306.5,24.6,2,2024-05-26
36.2743,-106.665,345.9,48.5,2,2024-05-26
36.2729,-106.6541,333.7,27.7,2,2024-05-26
36.2832,-106.6634,328.0,19.2,1,2024-05-26
33.4336,-105.718,333.9,20.0,1,2024-05-26
33.4734,-105.742,334.2,23.2,2,2024-05-26
33.4606,-105.7772,343.0,37.8,2,2024-05-26
33.4534,-105.7896,347.7,47.5,2,2024-05-26
33.4518,-105.7792,329.5,16.6,1,2024-05-26
33.4446,-105.7916,326.0,13.7,1,2024-05-26
33.4196,-105.7596,340.3,34.3,2,2024-05-26
33.4181,-105.7489,348.2,48.6,2,2024-05-26
33.4182,-105.7497,326.2,93.1,3,2024-05-26
33.4151,-105.7529,325.1,82.9,3,2024-05-26
33.4585,-105.7722,331.7,132.5,3,2024-05-26
33.4508,-105.8045,327.1,101.0,3,2024-05-26
36.276,-106.6775,321.2,72.0,3,2024-05-26
33.415,-105.7874,310.6,17.7,1,2024-05-27
33.456,-105.7857,315.0,22.4,2,2024-05-27
33.4537,-105.7991,301.3,9.0,1,2024-05-27
32.8111,-103.7744,301.2,6.1,1,2024-05-27
33.4147,-105.7812,305.3,13.6,1,2024-05-27
33.4262,-105.7227,304.2,11.2,1,2024-05-27
33.4582,-105.773,305.9,12.5,1,2024-05-27
36.2348,-106.6936,306.0,13.0,1,2024-05-27
36.2594,-106.6775,315.2,21.0,2,2024-05-27
36.2473,-106.6884,329.7,41.5,2,2024-05-27
33.4465,-105.798,361.2,76.4,3,2024-05-27
33.4615,-105.758,337.9,21.1,2,2024-05-27
33.4599,-105.7685,337.6,21.1,2,2024-05-27
33.4568,-105.7894,349.0,45.2,2,2024-05-27
33.4584,-105.779,347.7,41.2,2,2024-05-27
33.4733,-105.739,342.1,30.8,2,2024-05-27
33.4305,-105.7134,338.1,21.8,2,2024-05-27
33.429,-105.7238,351.5,46.5,2,2024-05-27
33.4243,-105.7552,335.7,19.9,1,2024-05-27
33.4481,-105.7875,366.6,91.8,3,2024-05-27
36.6716,-106.0414,337.5,26.8,2,2024-05-27
36.6835,-106.0214,328.2,12.9,1,2024-05-27
36.6731,-106.0304,349.6,48.2,2,2024-05-27
33.4576,-105.7956,323.0,56.8,3,2024-05-28
33.4542,-105.782,304.7,18.7,1,2024-05-28
33.4525,-105.8018,307.8,23.7,2,2024-05-28
36.2787,-106.7139,343.0,79.7,3,2024-05-28
33.4595,-105.7811,343.8,46.2,2,2024-05-28
33.4472,-105.781,331.2,98.1,3,2024-05-28
33.4447,-105.8172,326.7,65.8,3,2024-05-28
33.4625,-105.78,338.3,154.4,3,2024-05-28
33.4461,-105.7896,331.2,88.9,3,2024-05-28
33.4614,-105.7883,345.1,216.8,3,2024-05-28
36.2767,-106.721,327.4,96.3,3,2024-05-28
36.2783,-106.7308,330.0,113.1,3,2024-05-28
36.2781,-106.7296,302.5,27.9,2,2024-05-29
36.2876,-106.7243,304.8,10.8,1,2024-05-29
36.6765,-106.0516,300.1,8.6,1,2024-05-29
33.4465,-105.7993,339.6,53.7,3,2024-05-29
36.6774,-106.0312,351.9,85.3,3,2024-05-29
36.675,-106.0444,336.2,46.0,2,2024-05-29
36.6894,-106.0207,329.9,30.6,2,2024-05-29
36.2475,-106.7005,319.6,20.9,2,2024-05-30
36.2385,-106.6988,303.7,7.8,1,2024-05-30
36.237,-106.7104,316.3,17.8,1,2024-05-30
36.2808,-106.7246,300.8,6.8,1,2024-05-30
36.2794,-106.7364,312.8,15.9,1,2024-05-30
36.2779,-106.7481,303.6,8.8,1,2024-05-30
36.6814,-106.0744,302.0,9.7,1,2024-05-30
36.2698,-106.7378,451.5,1456.2,3,2024-05-30
36.2717,-106.7187,357.3,135.5,3,2024-05-30
36.2679,-106.756,404.5,541.7,3,2024-05-30
36.2807,-106.7403,338.1,58.7,3,2024-05-30
36.279,-106.7575,324.8,21.0,2,2024-05-30
36.6872,-106.0663,335.1,56.9,3,2024-05-30
36.2688,-106.7038,344.2,450.5,3,2024-05-31
36.2585,-106.7448,341.0,407.1,3,2024-05-31
36.257,-106.7003,345.2,467.9,3,2024-05-31
36.2458,-106.7438,309.9,100.4,3,2024-05-31
36.2725,-106.7096,339.1,371.6,3,2024-05-31
36.2619,-106.7511,332.8,295.1,3,2024-05-31
36.2424,-106.7376,312.4,117.3,3,2024-05-31
36.2535,-106.6934,337.7,357.9,3,2024-05-31
36.2607,-106.728,312.0,106.9,3,2024-05-31
36.2651,-106.7362,309.8,95.6,3,2024-05-31
36.2604,-106.707,305.1,19.6,1,2024-05-31
36.2548,-106.7101,341.4,39.7,2,2024-05-31
36.2584,-106.712,314.3,31.7,2,2024-05-31
36.2465,-106.7319,377.5,168.9,3,2024-06-01
36.2445,-106.744,380.3,182.9,3,2024-06-01
36.2575,-106.7226,320.3,20.6,2,2024-06-01
36.2393,-106.7179,309.2,12.1,1,2024-06-01
36.2556,-106.7346,307.3,9.4,1,2024-06-01
36.2723,-106.69,315.1,16.6,1,2024-06-01
36.2704,-106.7018,314.9,16.0,1,2024-06-01
36.2814,-106.6925,300.3,6.0,1,2024-06-01
36.2373,-106.7298,334.4,43.0,2,2024-06-01
36.2354,-106.7415,312.2,14.6,1,2024-06-01
36.2484,-106.7201,333.9,39.7,2,2024-06-01
36.2478,-106.7281,310.2,16.5,1,2024-06-01
36.2436,-106.7134,334.7,20.3,2,2024-06-01
36.2421,-106.7247,376.1,130.1,3,2024-06-01
36.2406,-106.7361,362.6,84.7,3,2024-06-01
36.2391,-106.7474,331.8,19.3,1,2024-06-01
36.2525,-106.7153,334.6,17.7,1,2024-06-01
36.251,-106.7266,377.2,132.6,3,2024-06-01
36.2495,-106.7378,339.6,29.4,2,2024-06-01
36.2646,-106.6942,339.1,26.2,2,2024-06-01
36.2615,-106.7169,332.3,13.6,1,2024-06-01
36.26,-106.7282,336.5,21.5,2,2024-06-01
36.2751,-106.6844,410.5,325.6,3,2024-06-01
36.2736,-106.6957,409.9,320.0,3,2024-06-01
36.2841,-106.686,399.6,251.1,3,2024-06-01
36.2825,-106.6976,384.5,167.8,3,2024-06-01
36.2763,-106.7435,333.5,21.1,2,2024-06-01
36.2454,-106.7253,327.9,19.9,1,2024-06-02
32.5741,-107.4812,331.1,20.2,2,2024-06-03
31.5584,-108.4895,334.1,24.3,2,2024-06-03
31.5617,-108.4721,335.8,30.1,2,2024-06-03
31.5601,-108.4786,337.2,31.7,2,2024-06-03
32.8477,-108.1402,338.0,53.1,3,2024-06-03
32.8447,-108.1562,349.6,93.6,3,2024-06-03
36.6797,-106.0535,327.4,14.7,1,2024-06-03
36.6779,-106.065,328.1,16.3,1,2024-06-03
34.6962,-105.3657,337.1,28.3,2,2024-06-05
34.6997,-105.3478,339.3,35.9,2,2024-06-05
34.04,-108.3634,328.9,34.9,2,2024-06-09
34.0385,-108.3753,318.6,21.5,2,2024-06-09
34.0478,-108.3771,320.0,23.0,2,2024-06-09
34.0264,-108.3547,304.5,13.2,1,2024-06-10
34.0247,-108.3931,315.5,16.4,1,2024-06-11
34.0283,-108.3707,314.3,15.4,1,2024-06-11
34.054,-108.426,336.4,262.5,3,2024-06-11
34.0711,-108.3577,307.9,31.8,2,2024-06-12
34.0691,-108.3848,310.8,38.9,2,2024-06-12
34.0801,-108.3638,305.1,29.0,2,2024-06-12
34.0744,-108.3611,305.9,31.0,2,2024-06-12
31.7366,-108.4554,335.5,10.4,1,2024-06-12
34.0685,-108.3664,332.8,22.1,2,2024-06-12
34.062,-108.3719,317.3,32.5,2,2024-06-13
34.0628,-108.3588,307.7,9.3,1,2024-06-13
34.0285,-108.3794,303.4,7.2,1,2024-06-13
34.0376,-108.3771,316.0,15.8,1,2024-06-13
34.0806,-108.393,344.3,143.9,3,2024-06-13
34.0799,-108.3876,345.9,158.8,3,2024-06-13
34.0923,-108.3834,342.7,133.7,3,2024-06-13
34.062,-108.3946,434.9,550.5,3,2024-06-13
34.0603,-108.4055,424.6,444.7,3,2024-06-13
34.0709,-108.3968,355.7,60.0,3,2024-06-13
34.0692,-108.4078,362.9,80.5,3,2024-06-13
34.0831,-108.3836,351.6,53.1,3,2024-06-13
34.0531,-108.3924,370.9,107.7,3,2024-06-13
34.0796,-108.4054,335.4,20.8,2,2024-06-13
34.092,-108.3856,365.8,93.7,3,2024-06-13
34.0903,-108.3966,347.3,42.8,2,2024-06-13
34.1009,-108.3877,345.0,40.7,2,2024-06-13
34.0813,-108.3944,364.0,84.9,3,2024-06-13
34.0514,-108.4034,351.5,50.3,3,2024-06-13
34.0973,-108.39,337.0,108.5,3,2024-06-14
34.0835,-108.3887,323.2,39.3,2,2024-06-14
34.0966,-108.3761,328.1,15.5,1,2024-06-15
35.211,-106.8449,322.5,14.8,1,2024-06-15
34.9366,-107.9365,307.0,8.0,1,2024-06-16
34.9289,-107.9346,358.6,110.3,3,2024-06-16
34.9343,-107.9256,342.5,43.9,2,2024-06-16
34.9326,-107.9421,344.2,49.2,2,2024-06-16
34.9354,-107.9335,309.9,54.1,3,2024-06-17
34.933,-107.9401,307.0,40.0,2,2024-06-17
33.3407,-105.7663,300.7,7.4,1,2024-06-17
34.935,-107.9253,328.7,10.3,1,2024-06-17
33.3501,-105.7703,407.2,910.8,3,2024-06-17
33.3418,-105.7428,402.1,803.0,3,2024-06-17
33.3375,-105.7633,480.7,3757.1,3,2024-06-17
33.3332,-105.7838,366.0,293.9,3,2024-06-17
33.3545,-105.7448,378.3,424.5,3,2024-06-17
33.35,-105.7662,425.5,1364.2,3,2024-06-17
33.3457,-105.7869,346.6,136.6,3,2024-06-17
33.3627,-105.7688,327.6,47.5,2,2024-06-17
33.3418,-105.7473,413.4,1041.2,3,2024-06-17
33.3375,-105.7673,451.9,2288.8,3,2024-06-17
33.3546,-105.7493,386.8,543.8,3,2024-06-17
34.9403,-107.9151,350.9,206.4,3,2024-06-17
34.9201,-107.9388,324.3,24.8,2,2024-06-17
34.9296,-107.9376,349.3,195.3,3,2024-06-17
34.9361,-107.9092,346.3,165.8,3,2024-06-17
34.9337,-107.9434,338.1,102.2,3,2024-06-17
33.3728,-105.6777,363.3,110.8,3,2024-06-18
33.3709,-105.6892,350.8,73.4,3,2024-06-18
33.369,-105.7008,349.9,72.0,3,2024-06-18
33.3672,-105.7122,346.0,62.9,3,2024-06-18
33.3654,-105.7234,328.1,30.2,2,2024-06-18
33.3636,-105.7345,325.6,25.8,2,2024-06-18
33.3598,-105.7579,351.6,76.8,3,2024-06-18
33.358,-105.7689,384.0,201.4,3,2024-06-18
33.3875,-105.6451,322.1,21.5,2,2024-06-18
33.3857,-105.6565,354.4,82.7,3,2024-06-18
33.3838,-105.6681,357.6,92.5,3,2024-06-18
33.382,-105.6796,353.7,81.1,3,2024-06-18
33.3801,-105.6911,345.1,59.7,3,2024-06-18
33.3783,-105.7027,327.3,28.6,2,2024-06-18
33.3985,-105.6953,345.1,60.9,3,2024-06-18
33.3764,-105.7142,323.6,24.1,2,2024-06-18
33.3746,-105.7255,327.5,29.7,2,2024-06-18
33.3893,-105.7526,305.5,7.8,1,2024-06-18
33.3911,-105.7413,396.4,275.5,3,2024-06-18
33.393,-105.7298,416.8,437.6,3,2024-06-18
33.3948,-105.7183,360.3,102.7,3,2024-06-18
33.3966,-105.7068,362.2,108.4,3,2024-06-18
33.3728,-105.7366,337.2,45.2,2,2024-06-18
33.371,-105.7478,322.8,21.7,2,2024-06-18
33.369,-105.7598,373.1,146.8,3,2024-06-18
33.3673,-105.7707,398.8,291.9,3,2024-06-18
33.3655,-105.7818,306.6,7.6,1,2024-06-18
33.3986,-105.6355,327.6,28.7,2,2024-06-18
33.3967,-105.6471,358.2,94.0,3,2024-06-18
33.3949,-105.6586,366.5,121.1,3,2024-06-18
33.393,-105.6702,375.9,158.7,3,2024-06-18
33.3912,-105.6816,357.6,93.0,3,2024-06-18
33.3893,-105.6931,332.7,36.9,2,2024-06-18
33.3875,-105.7046,326.9,28.7,2,2024-06-18
33.3856,-105.7161,335.6,42.2,2,2024-06-18
33.3838,-105.7274,358.7,97.2,3,2024-06-18
33.382,-105.7388,385.7,210.9,3,2024-06-18
33.3801,-105.7503,361.1,104.0,3,2024-06-18
33.3783,-105.7618,380.8,184.7,3,2024-06-18
33.3765,-105.773,385.6,211.3,3,2024-06-18
33.4077,-105.6377,326.9,28.3,2,2024-06-18
33.4059,-105.6492,339.0,48.1,2,2024-06-18
33.4022,-105.6722,355.2,86.2,3,2024-06-18
33.4003,-105.6838,352.6,78.9,3,2024-06-18
33.2416,-105.6951,309.0,10.2,1,2024-06-18
33.2564,-105.6624,313.4,13.8,1,2024-06-18
33.2545,-105.674,325.1,25.8,2,2024-06-18
33.2527,-105.6855,327.7,29.5,2,2024-06-18
33.2508,-105.6974,324.7,25.6,2,2024-06-18
33.2489,-105.7091,311.1,11.1,1,2024-06-18
33.2679,-105.635,334.1,40.1,2,2024-06-18
33.266,-105.6467,326.7,28.7,2,2024-06-18
33.2641,-105.6584,340.7,52.2,3,2024-06-18
33.2622,-105.6701,328.7,31.8,2,2024-06-18
33.2603,-105.6816,325.9,27.8,2,2024-06-18
33.2584,-105.6932,334.9,41.5,2,2024-06-18
33.2565,-105.7051,312.1,12.4,1,2024-06-18
33.2808,-105.6141,323.4,25.0,2,2024-06-18
33.2789,-105.6259,347.0,65.2,3,2024-06-18
33.277,-105.6373,351.0,75.5,3,2024-06-18
33.2751,-105.649,332.6,37.7,2,2024-06-18
33.2733,-105.6606,337.6,46.1,2,2024-06-18
33.2714,-105.6723,342.2,55.2,3,2024-06-18
33.2695,-105.6839,331.4,35.9,2,2024-06-18
33.2676,-105.6956,315.5,15.7,1,2024-06-18
33.2936,-105.5935,372.4,144.1,3,2024-06-18
33.2918,-105.6047,403.2,318.0,3,2024-06-18
33.2899,-105.6162,382.4,189.6,3,2024-06-18
33.288,-105.6281,355.1,84.4,3,2024-06-18
33.2862,-105.6396,357.2,91.3,3,2024-06-18
33.2843,-105.6512,348.8,69.1,3,2024-06-18
33.2824,-105.663,331.3,34.4,2,2024-06-18
33.2805,-105.6746,321.8,22.4,2,2024-06-18
33.2786,-105.6863,303.7,6.0,1,2024-06-18
33.3027,-105.5959,339.2,47.5,2,2024-06-18
33.3009,-105.6069,412.5,392.2,3,2024-06-18
33.2991,-105.6185,405.2,333.2,3,2024-06-18
33.2971,-105.6304,353.3,79.7,3,2024-06-18
33.2953,-105.642,329.2,31.6,2,2024-06-18
33.3338,-105.6993,342.9,56.8,3,2024-06-18
33.3319,-105.7106,360.5,103.4,3,2024-06-18
33.3301,-105.7219,348.0,68.6,3,2024-06-18
33.3283,-105.7334,342.0,55.4,3,2024-06-18
33.3265,-105.7448,313.8,14.3,1,2024-06-18
33.3466,-105.6783,310.6,10.7,1,2024-06-18
33.3448,-105.6898,398.0,284.9,3,2024-06-18
33.343,-105.7012,359.5,100.0,3,2024-06-18
33.3411,-105.7128,354.2,84.5,3,2024-06-18
33.3393,-105.7244,369.3,134.8,3,2024-06-18
33.3375,-105.7359,345.2,61.8,3,2024-06-18
33.3357,-105.7473,334.1,39.5,2,2024-06-18
33.3339,-105.7584,346.0,64.0,3,2024-06-18
33.3321,-105.7695,340.5,52.7,3,2024-06-18
33.3543,-105.6737,321.7,21.4,2,2024-06-18
33.3525,-105.6852,365.5,119.6,3,2024-06-18
33.3506,-105.6966,361.3,105.3,3,2024-06-18
33.3488,-105.708,330.1,33.4,2,2024-06-18
33.3469,-105.7195,331.2,35.5,2,2024-06-18
33.3451,-105.7309,335.5,42.9,2,2024-06-18
33.3432,-105.7426,327.5,30.3,2,2024-06-18
33.3413,-105.7541,322.5,22.5,2,2024-06-18
33.3395,-105.7653,338.4,47.6,2,2024-06-18
33.3376,-105.7766,321.6,22.2,2,2024-06-18
33.3654,-105.6642,311.2,10.0,1,2024-06-18
33.3636,-105.6757,361.4,104.9,3,2024-06-18
33.3617,-105.6872,334.5,40.1,2,2024-06-18
33.3598,-105.6986,333.2,38.0,2,2024-06-18
33.358,-105.71,335.8,42.3,2,2024-06-18
33.3562,-105.7212,334.1,39.8,2,2024-06-18
33.3543,-105.7326,324.8,25.5,2,2024-06-18
33.3525,-105.7442,324.5,24.8,2,2024-06-18
33.3506,-105.7559,318.0,17.4,1,2024-06-18
33.3487,-105.7671,325.1,26.6,2,2024-06-18
33.3469,-105.7785,308.2,9.0,1,2024-06-18
33.3746,-105.6662,359.7,99.6,3,2024-06-18
34.9393,-107.8929,307.1,9.6,1,2024-06-18
34.9368,-107.907,346.8,83.8,3,2024-06-18
34.9343,-107.9211,330.6,43.7,2,2024-06-18
34.9317,-107.9352,310.0,13.2,1,2024-06-18
34.9493,-107.8955,336.2,56.0,3,2024-06-18
34.9468,-107.9096,342.3,71.1,3,2024-06-18
34.9442,-107.9237,316.6,20.6,2,2024-06-18
33.3373,-105.755,309.9,24.2,2,2024-06-18
33.3943,-105.6613,320.2,46.0,2,2024-06-18
33.4014,-105.667,321.7,48.3,2,2024-06-18
33.402,-105.7316,314.6,32.7,2,2024-06-18
33.3948,-105.7569,312.0,28.2,2,2024-06-18
33.3904,-105.7348,335.0,89.0,3,2024-06-18
33.2988,-105.5908,322.4,53.5,3,2024-06-18
33.3031,-105.6114,332.2,84.0,3,2024-06-18
33.3544,-105.6793,316.4,33.2,2,2024-06-18
33.3831,-105.7596,326.6,63.5,3,2024-06-18
33.3091,-105.614,308.0,20.4,2,2024-06-18
33.3051,-105.5937,317.4,39.9,2,2024-06-18
33.2976,-105.6183,321.7,47.7,2,2024-06-18
33.2935,-105.5982,321.6,48.5,2,2024-06-18
33.2915,-105.6156,314.1,32.4,2,2024-06-18
33.3797,-105.7018,322.0,93.2,3,2024-06-18
33.3957,-105.7437,324.4,116.4,3,2024-06-18
33.3919,-105.752,325.9,133.7,3,2024-06-18
33.2761,-105.6423,325.2,130.7,3,2024-06-18
33.2733,-105.6505,323.1,115.2,3,2024-06-18
33.386,-105.7476,385.3,186.8,3,2024-06-18
33.2728,-105.683,377.2,139.8,3,2024-06-18
33.2896,-105.6245,354.7,66.1,3,2024-06-18
33.2881,-105.6364,349.3,47.0,2,2024-06-18
33.2837,-105.6724,407.9,342.3,3,2024-06-18
33.2822,-105.6845,352.3,53.5,3,2024-06-18
33.3005,-105.6141,342.6,38.6,2,2024-06-18
33.2991,-105.6259,337.9,25.3,2,2024-06-18
33.3346,-105.7761,354.9,64.9,3,2024-06-18
33.375,-105.7585,365.5,94.6,3,2024-06-18
33.3735,-105.771,398.5,271.3,3,2024-06-18
33.389,-105.7234,348.3,44.7,2,2024-06-18
33.3875,-105.7356,353.4,57.6,3,2024-06-18
33.3844,-105.7601,455.6,929.8,3,2024-06-18
33.3828,-105.7728,429.7,562.0,3,2024-06-18
33.3999,-105.7127,338.7,29.4,2,2024-06-18
33.3984,-105.725,395.4,254.8,3,2024-06-18
33.3969,-105.7371,389.7,218.0,3,2024-06-18
33.3953,-105.7496,373.5,134.4,3,2024-06-18
33.3936,-105.7626,338.7,28.8,2,2024-06-18
34.0916,-108.3834,338.6,20.9,2,2024-06-18
34.929,-107.9364,335.5,12.5,1,2024-06-18
33.2431,-105.6904,362.6,83.3,3,2024-06-18
33.2613,-105.6201,385.0,191.3,3,2024-06-18
33.2598,-105.6322,346.7,41.2,2,2024-06-18
33.2707,-105.6214,388.0,206.5,3,2024-06-18
33.2692,-105.6336,391.4,223.6,3,2024-06-18
33.2802,-105.6229,352.7,60.9,3,2024-06-18
33.2743,-105.671,424.3,494.5,3,2024-06-18
33.273,-105.6189,314.0,42.4,2,2024-06-19
33.2748,-105.5953,312.4,38.8,2,2024-06-19
33.2748,-105.6125,314.1,41.9,2,2024-06-19
33.2768,-105.5885,304.6,19.3,1,2024-06-19
33.2824,-105.6672,310.3,32.7,2,2024-06-19
33.2805,-105.6911,301.8,15.1,1,2024-06-19
33.2991,-105.6209,320.1,60.4,3,2024-06-19
33.3387,-105.7756,300.0,13.0,1,2024-06-19
33.2973,-105.6439,323.4,70.7,3,2024-06-19
33.3954,-105.7118,305.9,23.0,2,2024-06-19
33.3934,-105.7369,328.9,92.1,3,2024-06-19
33.3911,-105.7652,323.5,72.2,3,2024-06-19
33.4082,-105.7145,325.5,78.4,3,2024-06-19
33.4062,-105.7397,338.2,135.1,3,2024-06-19
33.4038,-105.7683,320.5,62.2,3,2024-06-19
34.9303,-107.9143,309.8,20.3,2,2024-06-19
33.4138,-105.7461,312.3,42.3,2,2024-06-19
33.4118,-105.7222,311.1,38.8,2,2024-06-19
33.4007,-105.7479,362.9,330.1,3,2024-06-19
33.3989,-105.7255,315.4,48.3,2,2024-06-19
33.4152,-105.7288,305.2,26.3,2,2024-06-19
33.4132,-105.7065,300.2,17.3,1,2024-06-19
33.4042,-105.7538,360.4,303.1,3,2024-06-19
33.4023,-105.7318,337.9,138.4,3,2024-06-19
33.3912,-105.7558,311.0,37.4,2,2024-06-19
33.3781,-105.7575,302.4,22.3,2,2024-06-19
33.339,-105.7633,301.0,19.7,1,2024-06-19
33.3011,-105.6243,307.0,28.9,2,2024-06-19
33.3015,-105.6298,306.1,25.8,2,2024-06-19
33.2733,-105.6066,303.1,19.5,1,2024-06-19
33.3373,-105.7734,338.3,31.4,2,2024-06-19
33.2499,-105.6813,344.7,38.5,2,2024-06-19
33.2675,-105.5946,329.8,14.0,1,2024-06-19
33.269,-105.6063,353.1,60.4,3,2024-06-19
33.2705,-105.6182,398.8,266.4,3,2024-06-19
33.292,-105.6388,350.5,52.0,3,2024-06-19
33.2983,-105.6135,351.4,55.0,3,2024-06-19
33.2998,-105.6255,336.5,22.4,2,2024-06-19
33.3013,-105.6375,364.9,97.3,3,2024-06-19
33.3266,-105.7635,372.1,130.3,3,2024-06-19
33.328,-105.7747,340.5,37.3,2,2024-06-19
33.3359,-105.762,354.1,67.0,3,2024-06-19
33.4077,-105.7546,336.6,26.8,2,2024-06-19
33.4063,-105.7434,347.9,44.8,2,2024-06-19
33.4048,-105.7315,338.5,22.0,2,2024-06-19
33.3984,-105.756,346.8,47.5,2,2024-06-19
33.397,-105.745,344.0,34.1,2,2024-06-19
33.3956,-105.7335,345.5,34.9,2,2024-06-19
33.3904,-105.7689,434.4,616.8,3,2024-06-19
33.3891,-105.758,374.6,137.3,3,2024-06-19
33.3732,-105.7832,371.7,130.0,3,2024-06-19
33.3718,-105.7723,381.1,170.5,3,2024-06-19
33.2428,-105.6765,329.2,15.5,1,2024-06-19
33.2485,-105.6698,337.7,23.9,2,2024-06-19
34.9533,-107.9164,351.2,342.8,3,2024-06-19
34.944,-107.9077,348.5,289.3,3,2024-06-19
34.9636,-107.9064,307.2,33.7,2,2024-06-20
34.1022,-106.5219,301.2,14.0,1,2024-06-20
35.3841,-108.3046,305.1,28.6,2,2024-06-20
35.3904,-108.3007,304.5,24.6,2,2024-06-20
34.9429,-105.2303,325.5,9.5,1,2024-06-24
34.939,-105.2182,325.6,9.7,1,2024-06-29
34.2362,-103.5173,305.1,4.9,1,2024-06-30
33.5223,-106.1419,300.1,22.8,2,2024-07-01
33.5268,-106.1368,302.7,28.6,2,2024-07-01
34.2491,-103.2025,300.6,6.8,1,2024-07-02
34.935,-105.2042,331.0,13.1,1,2024-07-04
34.9392,-105.212,329.1,19.2,1,2024-07-04
33.3999,-108.5465,337.2,26.4,2,2024-07-05
33.3984,-108.5571,351.6,53.3,3,2024-07-05
34.1996,-108.4281,333.3,17.6,1,2024-07-05
33.4054,-108.5588,301.3,11.2,1,2024-07-06
33.4085,-108.5526,338.0,50.8,3,2024-07-07
33.4111,-108.5672,322.7,17.4,1,2024-07-07
33.8819,-107.5283,330.2,35.1,2,2024-07-07
33.8803,-107.5796,326.2,24.5,2,2024-07-07
33.3984,-108.5557,329.3,31.3,2,2024-07-07
33.8696,-107.5825,334.6,45.2,2,2024-07-07
33.8588,-107.5851,363.4,164.9,3,2024-07-07
33.8568,-107.5915,349.8,101.0,3,2024-07-07
33.8537,-107.5747,325.0,25.4,2,2024-07-07
32.1441,-108.8282,329.9,12.8,1,2024-07-07
33.875,-107.5858,343.7,38.9,2,2024-07-07
33.873,-107.5976,333.4,19.8,1,2024-07-07
33.894,-107.5293,348.4,52.5,3,2024-07-07
33.892,-107.5412,356.3,71.4,3,2024-07-07
33.8881,-107.5648,339.7,30.1,2,2024-07-07
33.9031,-107.5318,338.6,29.5,2,2024-07-07
33.9012,-107.5435,357.5,74.2,3,2024-07-07
33.8992,-107.5553,337.2,25.7,2,2024-07-07
33.8973,-107.5671,337.2,25.7,2,2024-07-07
33.8553,-107.5515,356.5,76.1,3,2024-07-07
33.8534,-107.5633,344.2,42.1,2,2024-07-07
33.8625,-107.5465,345.7,44.5,2,2024-07-07
33.8566,-107.5816,347.8,46.7,2,2024-07-07
33.8546,-107.5933,344.4,39.5,2,2024-07-07
33.8757,-107.525,346.0,47.9,2,2024-07-07
33.8737,-107.5367,384.2,183.3,3,2024-07-07
33.8717,-107.5484,365.9,101.5,3,2024-07-07
33.8658,-107.5837,354.2,64.4,3,2024-07-07
33.8638,-107.5954,354.6,65.5,3,2024-07-07
33.8868,-107.5154,330.8,20.3,2,2024-07-07
33.8849,-107.527,369.2,117.2,3,2024-07-07
33.8829,-107.5388,363.6,95.4,3,2024-07-07
33.8809,-107.5506,341.9,35.8,2,2024-07-07
33.877,-107.5742,360.0,79.6,3,2024-07-07
33.389,-108.555,324.1,22.9,2,2024-07-08
33.3875,-108.5654,325.5,24.6,2,2024-07-08
33.3977,-108.5568,317.3,16.4,1,2024-07-08
33.3963,-108.5672,331.3,31.7,2,2024-07-08
33.408,-108.5481,301.6,5.4,1,2024-07-08
33.4065,-108.5585,324.6,23.9,2,2024-07-08
33.405,-108.569,315.0,14.5,1,2024-07-08
33.8696,-107.5858,319.1,16.3,1,2024-07-08
34.2032,-108.4063,326.9,26.4,2,2024-07-08
34.2018,-108.417,323.5,22.6,2,2024-07-08
33.4059,-108.5551,322.2,55.2,3,2024-07-08
33.4034,-108.5477,322.2,57.9,3,2024-07-08
33.3906,-108.5555,320.3,46.3,2,2024-07-08
33.3859,-108.5494,339.0,78.4,3,2024-07-08
33.3839,-108.5697,374.2,308.6,3,2024-07-08
33.3802,-108.5552,339.0,77.0,3,2024-07-08
33.3784,-108.5759,337.8,70.1,3,2024-07-08
33.394,-108.5366,333.0,52.2,3,2024-07-08
33.3921,-108.5575,370.0,268.2,3,2024-07-08
33.3903,-108.5777,360.5,190.5,3,2024-07-08
33.4041,-108.5588,365.6,228.8,3,2024-07-08
33.4023,-108.5788,350.4,123.5,3,2024-07-08
33.3893,-108.5607,305.2,44.4,2,2024-07-09
33.4012,-108.5681,308.6,61.4,3,2024-07-09
33.4014,-108.5674,311.1,17.0,1,2024-07-10
33.4114,-108.5704,309.7,16.7,1,2024-07-10
33.3842,-108.5604,300.2,10.6,1,2024-07-11
33.4069,-108.5632,303.1,14.5,1,2024-07-11
33.4052,-108.5812,301.8,13.1,1,2024-07-11
33.4034,-108.5678,325.4,13.9,1,2024-07-11
32.5641,-107.922,338.1,17.2,1,2024-07-12
32.5551,-107.92,343.6,26.3,2,2024-07-12
32.5534,-107.9308,331.9,7.8,1,2024-07-12
33.3827,-108.5444,342.2,39.7,2,2024-07-12
33.3809,-108.5555,332.3,23.3,2,2024-07-12
33.384,-108.5327,332.7,20.8,2,2024-07-14
33.3858,-108.5437,328.0,13.6,1,2024-07-14
33.3807,-108.5414,332.7,47.0,2,2024-07-14
33.4224,-107.97,331.0,29.0,2,2024-07-14
33.4222,-107.9752,327.5,18.6,1,2024-07-14
36.7633,-107.2669,304.5,11.2,1,2024-07-17
36.7528,-107.2641,301.1,8.0,1,2024-07-17
36.7559,-107.2479,301.9,8.9,1,2024-07-17
33.3728,-108.5283,320.9,29.7,2,2024-07-18
33.3748,-108.5513,319.4,26.2,2,2024-07-18
33.5606,-108.6257,336.5,35.0,2,2024-07-19
33.546,-108.628,318.2,115.7,3,2024-07-20
33.546,-108.635,316.2,98.9,3,2024-07-20
34.4903,-105.9521,322.1,23.8,2,2024-07-24
34.2656,-106.1728,318.3,19.6,1,2024-07-24
36.7691,-107.253,320.0,14.2,1,2024-07-24
34.2648,-106.1601,325.7,35.1,2,2024-07-24
34.2619,-106.1544,321.5,26.3,2,2024-07-24
34.2535,-106.1632,318.4,18.2,1,2024-07-24
34.0818,-108.0697,322.4,8.3,1,2024-07-26
34.2809,-106.0826,320.4,8.0,1,2024-07-26
34.1037,-108.0809,352.3,54.7,3,2024-07-26
34.2827,-106.0938,323.6,12.2,1,2024-07-26
34.2899,-106.0806,327.3,15.4,1,2024-07-26
34.2917,-106.0917,339.9,35.5,2,2024-07-26
34.0905,-108.0679,322.7,8.4,1,2024-07-26
34.2804,-106.0963,325.9,13.9,1,2024-07-26
32.031,-103.2805,318.2,14.8,1,2024-07-27
34.6738,-106.0602,315.4,54.6,3,2024-07-27
36.3428,-106.9453,334.4,36.0,2,2024-07-27
34.4889,-106.2243,332.7,16.5,1,2024-08-02
33.9367,-105.6233,328.3,12.8,1,2024-08-02
34.1845,-105.4143,328.9,10.7,1,2024-08-02
34.4791,-106.2213,341.0,31.9,2,2024-08-02
34.4874,-106.2132,331.1,14.6,1,2024-08-02
34.1769,-105.3991,345.8,31.7,2,2024-08-05
34.1752,-105.4098,345.5,31.2,2,2024-08-05
34.1857,-105.4011,339.9,20.9,2,2024-08-05
34.1841,-105.4117,342.1,24.7,2,2024-08-05
34.4778,-106.2095,335.7,20.9,2,2024-08-07
36.6036,-103.039,330.4,12.7,1,2024-08-07
34.4966,-106.1823,323.8,20.6,2,2024-08-10
36.9505,-103.6398,365.9,89.3,3,2024-08-22
36.9579,-103.6533,333.3,16.4,1,2024-08-22
36.9442,-103.7323,325.4,27.9,2,2024-08-23
36.9536,-103.7341,306.6,8.5,1,2024-08-23
36.9407,-103.7477,328.2,119.9,3,2024-08-23
36.9492,-103.6487,331.4,155.9,3,2024-08-23
36.9387,-103.7399,331.6,165.5,3,2024-08-23
36.9469,-103.6403,334.3,202.9,3,2024-08-23
34.3213,-106.5222,330.2,35.2,2,2024-08-31
34.3229,-106.5373,319.0,14.4,1,2024-08-31
34.1607,-105.8955,321.4,7.5,1,2024-09-03
34.1593,-105.3966,331.7,28.9,2,2024-09-08
34.1568,-105.3943,334.2,21.6,2,2024-09-08
34.1551,-105.4054,334.9,23.2,2,2024-09-08
34.1658,-105.3965,323.6,8.1,1,2024-09-08
34.164,-105.4074,322.2,7.1,1,2024-09-08
34.162,-105.4117,322.1,25.6,2,2024-09-09
34.1678,-105.4127,338.8,30.9,2,2024-09-10
34.1663,-105.4019,336.1,25.9,2,2024-09-10
33.5072,-105.5697,331.2,20.6,2,2024-09-10
33.5057,-105.559,326.8,14.5,1,2024-09-10
33.4998,-105.5821,320.2,8.6,1,2024-09-10
33.4983,-105.5713,354.0,64.0,3,2024-09-10
34.1877,-105.4166,336.4,40.1,2,2024-09-13
34.1851,-105.402,323.1,12.4,1,2024-09-13
34.1761,-105.3989,327.8,9.1,1,2024-09-13
34.143,-105.4028,323.0,6.9,1,2024-09-15
34.1517,-105.401,329.2,13.5,1,2024-09-15
36.7984,-104.1323,301.1,2.5,1,2024-09-17
34.2037,-105.4165,317.3,14.1,1,2024-09-17
34.1929,-105.3947,317.6,17.4,1,2024-09-18
34.1663,-105.3858,330.7,19.0,1,2024-09-18
34.1585,-105.3899,321.7,11.9,1,2024-09-25
32.8062,-103.7709,320.6,12.2,1,2024-09-25
32.2947,-103.9708,304.0,5.3,1,2024-09-26
35.8123,-106.8264,331.4,59.4,3,2024-09-26
35.8149,-106.81,301.4,18.3,1,2024-09-27
35.8145,-106.8117,337.0,117.0,3,2024-09-27
35.8095,-106.8344,320.5,45.7,2,2024-09-27
35.8062,-106.7956,312.9,35.6,2,2024-09-28
35.8023,-106.8148,311.7,33.1,2,2024-09-28
35.8182,-106.7986,301.5,17.5,1,2024-09-28
35.8142,-106.8182,310.0,32.5,2,2024-09-28
35.8043,-106.8172,312.8,16.6,1,2024-09-28
35.8005,-106.7974,315.7,21.0,2,2024-09-28
32.6083,-103.3023,303.2,7.4,1,2024-10-01
32.6069,-103.3129,301.2,6.3,1,2024-10-01
36.6167,-106.0726,318.7,15.3,1,2024-10-02
32.4242,-103.7025,320.9,6.2,1,2024-10-02
32.1982,-103.8255,326.2,17.5,1,2024-10-02
36.6096,-106.0781,331.3,60.0,3,2024-10-02
36.6208,-106.0817,318.6,29.2,2,2024-10-02
36.6263,-106.0803,316.5,36.3,2,2024-10-03
36.6207,-106.1055,324.2,25.8,2,2024-10-03
36.4316,-106.1613,318.6,14.4,1,2024-10-07
32.9391,-108.1733,321.7,18.7,1,2024-10-07
36.406,-106.1698,344.4,80.0,3,2024-10-08
36.4163,-106.1716,361.1,143.4,3,2024-10-08
36.4051,-106.1644,314.3,31.7,2,2024-10-09
36.4034,-106.1832,304.4,16.7,1,2024-10-09
36.4163,-106.1664,311.6,27.1,2,2024-10-09
36.4146,-106.1847,300.6,12.3,1,2024-10-09
36.4258,-105.3592,332.9,30.2,2,2024-10-10
36.4273,-105.3483,354.2,69.7,3,2024-10-10
36.4111,-105.3437,305.0,6.9,1,2024-10-12
35.5477,-108.5946,317.6,21.1,2,2024-10-12
36.4072,-105.3478,309.2,9.6,1,2024-10-12
36.417,-105.3501,312.7,13.6,1,2024-10-12
33.5239,-108.5116,308.1,5.7,1,2024-10-22
33.5205,-108.5378,314.8,21.9,2,2024-10-22
33.5241,-108.5199,322.2,37.3,2,2024-10-22
34.6025,-106.794,305.1,7.1,1,2024-10-22
34.623,-106.3866,322.5,22.6,2,2024-10-24
34.6169,-106.4007,335.6,126.9,3,2024-10-24
34.6209,-106.4035,309.4,30.9,2,2024-10-25
36.7661,-105.0055,301.7,5.9,1,2024-10-25
36.8005,-105.0545,303.2,7.4,1,2024-10-25
36.7989,-105.0683,305.6,9.3,1,2024-10-25
36.7723,-105.0619,309.6,41.8,2,2024-10-26
36.7871,-105.067,319.0,88.7,3,2024-10-26
36.7844,-105.0736,316.5,71.9,3,2024-10-26
33.4256,-105.7888,353.6,98.2,3,2024-10-29
33.427,-105.8003,352.5,94.8,3,2024-10-29
33.4159,-105.79,321.0,30.1,2,2024-10-29
32.1095,-103.8503,300.9,6.7,1,2024-10-29
33.4174,-105.8026,303.4,12.1,1,2024-10-29
33.4196,-105.8149,309.3,10.2,1,2024-10-29
33.4167,-105.7941,353.6,71.4,3,2024-10-29
32.2026,-103.8294,315.2,5.8,1,2024-10-29
33.427,-105.8027,342.7,48.9,2,2024-10-29
33.4255,-105.7924,326.4,24.5,2,2024-10-29
33.4182,-105.8045,360.1,88.8,3,2024-10-29
33.4217,-105.783,303.7,18.2,1,2024-10-29
33.4175,-105.8033,342.8,146.7,3,2024-10-29
32.7233,-103.1978,307.1,4.7,1,2024-11-06
35.8442,-106.8386,307.1,14.7,1,2024-11-14
35.8518,-106.8458,304.3,12.2,1,2024-11-14
32.6919,-107.2022,312.0,19.3,1,2024-11-16
35.1616,-106.3912,309.2,12.5,1,2024-11-16
32.8629,-106.0105,306.0,9.2,1,2024-11-18
32.8669,-106.0032,300.5,4.9,1,2024-11-18
35.6378,-105.2007,302.5,7.4,1,2024-11-18
35.6354,-105.2139,308.2,12.2,1,2024-11-18
35.645,-105.2165,318.2,23.3,2,2024-11-18
36.1565,-106.7637,302.7,18.6,1,2024-11-19
36.1607,-106.77,304.7,20.5,2,2024-11-19
36.6733,-106.1762,330.9,70.7,3,2024-11-19
36.6715,-106.1944,311.0,29.6,2,2024-11-19
36.6844,-106.1772,300.4,16.4,1,2024-11-19
36.6769,-106.1649,308.1,25.1,2,2024-11-19
36.6751,-106.1836,324.7,55.3,3,2024-11-19
33.8158,-106.8454,312.6,13.4,1,2024-11-21
33.8142,-106.8559,310.3,12.0,1,2024-11-21
33.5537,-105.365,300.6,5.8,1,2024-11-23
32.473,-107.8661,301.4,11.5,1,2024-12-05
32.6139,-103.3102,300.7,16.3,1,2024-12-08
32.6043,-103.3055,327.0,23.7,2,2024-12-08
32.6131,-103.3074,305.1,4.5,1,2024-12-08
34.8254,-106.7719,328.9,36.3,2,2024-12-08
34.823,-106.785,302.7,4.7,1,2024-12-08
34.8327,-106.7876,302.9,4.8,1,2024-12-08
36.4128,-105.2772,309.0,14.6,1,2024-12-10
33.0065,-108.1048,321.7,40.0,2,2024-12-13
33.0038,-108.0988,316.2,28.5,2,2024-12-13
33.0009,-108.1145,307.0,15.7,1,2024-12-13
36.7478,-105.6249,300.3,7.3,1,2024-12-15
36.746,-105.6134,308.9,12.7,1,2024-12-15
32.2841,-106.9122,308.0,6.5,1,2024-12-15
32.2824,-106.9014,309.9,8.1,1,2024-12-15
36.5984,-105.4357,313.2,20.4,2,2024-12-20
35.0068,-104.4832,329.3,27.5,2,2024-12-28
35.0084,-104.4726,335.1,35.3,2,2024-12-28
