state,month,frp_category,fire_count,total_brightness,total_frp
louisiana,1,1,93,28504.4,1102.0
louisiana,1,2,66,20816.9,2006.6
louisiana,1,3,37,12078.5,3288.9
louisiana,2,1,272,84542.0,3085.0
louisiana,2,2,125,39640.3,3735.8
louisiana,2,3,104,35463.0,12881.3
louisiana,3,1,64,19772.4,621.5
louisiana,3,2,27,8537.3,916.3
louisiana,3,3,26,8695.5,2429.0
louisiana,4,1,114,35499.3,1025.0
louisiana,4,2,34,10926.2,1048.3
louisiana,4,3,7,2420.8,604.9
louisiana,5,1,28,8764.8,277.1
louisiana,5,2,20,6422.9,562.9
louisiana,5,3,6,2095.2,623.1
louisiana,6,1,98,30896.2,1009.4
louisiana,6,2,61,19471.1,1946.1
louisiana,6,3,32,10811.0,3477.2
louisiana,7,1,58,18281.6,578.0
louisiana,7,2,21,6725.0,710.1
louisiana,7,3,10,3310.4,659.7
louisiana,8,1,220,69978.0,2434.0
louisiana,8,2,120,39239.4,3955.9
louisiana,8,3,130,45307.8,17518.1
louisiana,9,1,141,44363.7,1487.2
louisiana,9,2,62,19852.9,1913.2
louisiana,9,3,48,16207.8,5212.7
louisiana,10,1,472,148627.4,5338.5
louisiana,10,2,316,102427.3,10492.1
louisiana,10,3,183,62648.0,20931.7
louisiana,11,1,334,103154.1,3432.1
louisiana,11,2,100,32079.5,2967.7
louisiana,11,3,51,17354.8,5350.6
louisiana,12,1,337,103830.0,3400.8
louisiana,12,2,148,46963.9,4652.8
louisiana,12,3,70,23843.7,12505.2
alaska,4,1,6,1839.8999999999999,68.6
alaska,4,2,4,1264.0,135.1
alaska,4,3,2,703.5,206.6
alaska,5,1,23,7057.3,250.7
alaska,5,2,13,4181.0,433.7
alaska,5,3,3,1017.4000000000001,338.1
alaska,6,1,754,236324.2,9504.2
alaska,6,2,1034,335808.7,33777.3
alaska,6,3,1315,464625.9,255360.0
alaska,7,1,275,85613.5,3465.4
alaska,7,2,302,97803.2,10232.9
alaska,7,3,375,129456.1,64027.3
alaska,8,1,76,23579.5,936.5
alaska,8,2,122,39597.7,4172.0
alaska,8,3,118,41387.4,19062.9
alaska,9,1,2,604.7,29.9
alaska,10,1,1,302.2,9.2
maryland,2,1,8,2425.4,81.5
maryland,2,3,1,347.6,109.0
maryland,3,1,11,3363.0,101.7
maryland,3,2,1,310.0,20.9
maryland,3,3,3,980.1,253.8
maryland,4,1,20,6197.4,176.7
maryland,5,1,6,1883.2,41.3
maryland,5,3,1,345.2,51.9
maryland,6,1,4,1275.7,32.4
maryland,7,1,7,2220.3,57.7
maryland,8,2,1,304.5,35.0
maryland,8,3,1,349.8,88.1
maryland,9,1,2,615.0,14.1
maryland,10,1,13,4004.4,119.7
maryland,11,1,5,1552.8,54.8
maryland,11,2,1,303.3,23.9
maryland,12,3,1,393.8,262.8
wisconsin,2,1,9,2730.2,69.6
wisconsin,2,3,1,356.4,81.5
wisconsin,3,1,58,17763.4,563.2
wisconsin,3,2,27,8565.7,841.8
wisconsin,3,3,21,6821.4,1836.4
wisconsin,4,1,111,34245.9,973.5
wisconsin,4,2,43,13670.3,1382.4
wisconsin,4,3,28,9055.2,3031.5
wisconsin,5,1,115,35659.6,846.7
wisconsin,5,2,16,5106.8,472.7
wisconsin,5,3,7,2514.1,1107.2
wisconsin,6,1,30,9339.9,217.9
wisconsin,7,1,52,16177.4,387.7
wisconsin,8,1,31,9593.7,236.8
wisconsin,8,2,3,921.5999999999999,67.0
wisconsin,8,3,5,1633.5,635.1999999999999
wisconsin,9,1,26,7967.7,197.1
wisconsin,9,3,11,3833.4,1637.8000000000002
wisconsin,10,1,21,6446.2,192.8
wisconsin,10,2,3,936.1,103.5
wisconsin,10,3,6,2143.7,731.4
wisconsin,11,1,1,303.8,9.6
wisconsin,11,2,1,324.9,28.5
wisconsin,12,1,1,301.4,10.6
florida,1,1,270,83229.9,2866.3
florida,1,2,88,28170.9,2616.9
florida,1,3,70,23744.9,7373.3
florida,2,1,847,262391.1,8473.3
florida,2,2,320,103010.0,10115.6
florida,2,3,201,68632.9,22526.2
florida,3,1,484,151546.2,5015.4
florida,3,2,213,68833.7,6631.6
florida,3,3,126,43105.5,18288.5
florida,4,1,456,144047.5,5054.0
florida,4,2,253,82092.7,8169.4
florida,4,3,186,64408.0,21294.8
florida,5,1,193,61647.3,2262.1
florida,5,2,131,42831.6,4025.5
florida,5,3,65,22580.4,6662.0
florida,6,1,149,47505.8,1782.5
florida,6,2,83,26892.5,2454.9
florida,6,3,39,13253.0,3825.9
florida,7,1,120,38045.6,1363.7
florida,7,2,41,13279.1,1328.0
florida,7,3,12,4032.3,973.3
florida,8,1,142,44975.2,1419.2
florida,8,2,43,13805.7,1311.4
florida,8,3,16,5403.2,1231.8
florida,9,1,97,30539.2,958.7
florida,9,2,12,3855.3,324.4
florida,9,3,3,1018.9000000000001,213.2
florida,10,1,233,72843.8,2226.0
florida,10,2,73,23762.1,2212.1
florida,10,3,26,8876.4,2420.5
florida,11,1,320,99412.3,3316.8
florida,11,2,104,33470.4,3128.0
florida,11,3,48,16470.9,4310.4
florida,12,1,326,100085.1,3251.0
florida,12,2,117,37288.1,3552.3
florida,12,3,69,22903.6,6363.4
georgia,1,1,361,110585.3,3884.1
georgia,1,2,200,62762.2,5993.5
georgia,1,3,75,24569.3,6063.7
georgia,2,1,1107,341849.5,11045.1
georgia,2,2,354,113338.7,10733.4
georgia,2,3,111,37676.8,10710.1
georgia,3,1,949,294969.3,8808.5
georgia,3,2,254,81257.8,7412.0
georgia,3,3,57,19406.6,5633.599999999999
georgia,4,1,466,145133.8,4698.6
georgia,4,2,112,35969.5,3598.6
georgia,4,3,35,11645.0,3162.7
georgia,5,1,110,34663.6,1097.1
georgia,5,2,43,13944.7,1359.1
georgia,5,3,16,5530.1,1353.6
georgia,6,1,118,37512.3,1345.2
georgia,6,2,48,15599.1,1375.1
georgia,6,3,18,6264.6,1893.3
georgia,7,1,103,32586.5,1076.6
georgia,7,2,21,6817.9,644.1
georgia,7,3,6,2038.7,485.9
georgia,8,1,224,70806.9,2341.5
georgia,8,2,57,18423.6,1761.8
georgia,8,3,47,16308.2,6339.7
georgia,9,1,137,43152.9,1431.0
georgia,9,2,60,19376.4,1825.4
georgia,9,3,29,10054.4,3389.8
georgia,10,1,436,135350.3,4324.9
georgia,10,2,173,55504.5,5580.3
georgia,10,3,144,48729.8,16466.9
georgia,11,1,175,53878.0,1849.4
georgia,11,2,84,26644.2,2558.5
georgia,11,3,26,8635.2,2346.1
georgia,12,1,315,96395.0,3596.3
georgia,12,2,191,60216.6,5987.3
georgia,12,3,117,39457.5,11625.7
tennessee,1,1,4,1218.9,51.9
tennessee,2,1,93,28467.9,761.9
tennessee,2,2,17,5532.4,561.0
tennessee,2,3,7,2436.4,480.2
tennessee,3,1,190,58673.0,1766.2
tennessee,3,2,58,18558.7,1878.3
tennessee,3,3,28,9273.2,2643.4
tennessee,4,1,73,22566.9,578.4
tennessee,4,2,6,1898.9,204.0
tennessee,4,3,6,2138.7,2184.2
tennessee,5,1,31,9680.2,246.4
tennessee,5,2,3,929.6,99.0
tennessee,6,1,100,31560.6,899.5
tennessee,6,2,8,2596.6,248.6
tennessee,6,3,4,1367.1,588.7
tennessee,7,1,61,19183.3,553.4
tennessee,7,2,7,2251.0,193.7
tennessee,7,3,1,352.9,84.5
tennessee,8,1,92,28907.6,817.7
tennessee,8,2,10,3246.0,330.8
tennessee,8,3,1,329.4,51.6
tennessee,9,1,61,19123.0,577.3
tennessee,9,2,12,3827.0,323.0
tennessee,9,3,6,1916.6,397.3
tennessee,10,1,127,39172.3,1090.7
tennessee,10,2,26,8152.8,784.0
tennessee,10,3,22,7421.2,2559.0
tennessee,11,1,23,6986.4,197.6
tennessee,11,2,6,1924.4,158.8
tennessee,12,1,3,907.5,31.2
tennessee,12,2,5,1554.2,137.0
tennessee,12,3,1,302.0,53.3
minnesota,1,1,5,1538.6,62.599999999999994
minnesota,1,2,2,636.3,48.0
minnesota,2,1,17,5184.1,184.1
minnesota,2,2,5,1556.0,155.5
minnesota,2,3,1,345.3,116.9
minnesota,3,1,63,19368.0,644.6
minnesota,3,2,27,8619.6,812.8
minnesota,3,3,32,10931.2,3332.3
minnesota,4,1,171,53384.3,1847.4
minnesota,4,2,100,32086.5,3113.7
minnesota,4,3,62,20960.6,8323.6
minnesota,5,1,93,29230.5,990.9
minnesota,5,2,56,17987.3,1827.5
minnesota,5,3,33,11063.8,3420.5
minnesota,6,1,14,4360.6,103.3
minnesota,6,2,5,1606.2,151.10000000000002
minnesota,7,1,23,7133.1,181.0
minnesota,7,2,5,1605.3,150.7
minnesota,8,1,16,4963.9,118.0
minnesota,8,2,2,646.2,74.1
minnesota,8,3,1,366.0,100.0
minnesota,9,1,61,18985.1,621.8
minnesota,9,2,22,7028.2,664.6
minnesota,9,3,8,2684.8,840.8
minnesota,10,1,45,13789.0,378.7
minnesota,10,2,16,5075.2,472.6
minnesota,10,3,7,2334.2,686.3
minnesota,11,1,13,3964.0,159.7
minnesota,11,2,4,1275.6,126.3
minnesota,11,3,1,342.7,51.7
minnesota,12,1,3,915.2,41.4
minnesota,12,2,2,644.9000000000001,51.7
iowa,1,2,1,316.4,22.7
iowa,2,1,169,51906.1,1585.0
iowa,2,2,49,15744.3,1530.8
iowa,2,3,23,7762.8,2735.8
iowa,3,1,347,106565.7,3160.2
iowa,3,2,85,27092.7,2583.2
iowa,3,3,39,13124.7,3890.1
iowa,4,1,396,124135.4,4047.7
iowa,4,2,177,57289.2,5664.1
iowa,4,3,82,27669.6,8190.7
iowa,5,1,37,11564.9,258.5
iowa,5,2,14,4522.7,418.4
iowa,5,3,3,1075.0,265.09999999999997
iowa,6,1,26,8170.5,221.1
iowa,7,1,28,8709.1,220.5
iowa,7,2,1,319.3,34.7
iowa,8,1,22,6822.7,218.1
iowa,8,2,5,1624.0,139.5
iowa,9,1,32,9891.7,265.5
iowa,9,2,8,2500.8,254.7
iowa,10,1,38,11737.3,369.7
iowa,10,2,14,4417.8,424.3
iowa,10,3,3,967.5,459.9
iowa,11,1,12,3636.0,99.6
iowa,11,2,4,1251.5,107.8
iowa,12,1,13,3959.2,164.3
iowa,12,2,5,1567.4,171.3
missouri,1,1,9,2751.2,90.9
missouri,1,2,1,325.3,25.4
missouri,2,1,480,147232.6,4484.1
missouri,2,2,106,33948.8,3278.8
missouri,2,3,67,22551.4,7709.5
missouri,3,1,721,222023.3,6691.0
missouri,3,2,187,59366.1,5786.8
missouri,3,3,116,39733.2,18633.0
missouri,4,1,259,80395.2,2402.5
missouri,4,2,76,24257.2,2183.1
missouri,4,3,23,7875.7,1721.1
missouri,5,1,52,16279.9,422.9
missouri,5,2,1,316.1,22.5
missouri,6,1,53,16782.0,535.2
missouri,6,2,24,7895.0,788.4
missouri,6,3,36,12465.9,4680.9
missouri,7,1,44,13812.8,394.6
missouri,7,2,3,939.5,82.7
missouri,7,3,1,348.7,51.7
missouri,8,1,65,20492.8,717.2
missouri,8,2,20,6490.2,573.7
missouri,8,3,11,3819.0,2179.5
missouri,9,1,145,45640.0,1467.1
missouri,9,2,70,22731.8,2292.4
missouri,9,3,77,26667.4,8670.6
missouri,10,1,333,104126.7,3313.4
missouri,10,2,142,45984.5,4636.8
missouri,10,3,97,33014.8,9594.3
missouri,11,1,54,16479.7,529.5
missouri,11,2,4,1258.9,105.8
missouri,11,3,2,710.8,282.6
missouri,12,1,47,14353.6,506.2
missouri,12,2,13,4139.2,340.5
missouri,12,3,6,2121.8,1390.2
michigan,2,1,7,2129.5,65.1
michigan,3,1,17,5192.5,136.2
michigan,4,1,62,19116.6,520.9
michigan,4,2,16,5081.3,496.5
michigan,4,3,5,1723.5,555.7
michigan,5,1,55,17130.5,550.4
michigan,5,2,15,4858.9,507.5
michigan,5,3,6,1993.2,609.7
michigan,6,1,20,6207.4,149.8
michigan,7,1,36,11183.7,266.9
michigan,7,2,5,1579.3,168.20000000000002
michigan,7,3,2,751.4000000000001,487.5
michigan,8,1,34,10582.8,273.8
michigan,8,2,2,634.6,49.7
michigan,9,1,26,7996.1,243.3
michigan,9,2,5,1579.1,148.2
michigan,9,3,1,337.2,102.5
michigan,10,1,26,7960.3,220.1
michigan,10,2,7,2209.0,214.5
michigan,11,1,2,605.5,21.5
michigan,11,2,1,315.0,25.7
idaho,1,1,2,613.2,31.9
idaho,2,2,2,625.3,58.2
idaho,3,1,41,12718.8,460.1
idaho,3,2,18,5750.6,599.5
idaho,3,3,5,1678.4,408.79999999999995
idaho,4,1,63,19593.9,712.0
idaho,4,2,34,10862.0,1071.8
idaho,4,3,21,7154.5,2702.7
idaho,5,1,72,22656.9,941.9
idaho,5,2,51,16689.9,1662.5
idaho,5,3,70,24836.4,12026.1
idaho,6,1,52,16457.7,645.9
idaho,6,2,58,18867.7,1998.0
idaho,6,3,84,29128.5,15472.9
idaho,7,1,139,43387.9,1900.8
idaho,7,2,183,58691.7,5760.2
idaho,7,3,214,74147.4,48724.3
idaho,8,1,1202,374709.5,15437.1
idaho,8,2,1342,434366.1,43303.5
idaho,8,3,1800,643385.6,408396.8
idaho,9,1,1161,362863.1,14974.5
idaho,9,2,1129,365735.3,36796.4
idaho,9,3,1282,451675.1,321149.2
idaho,10,1,716,223092.3,8993.7
idaho,10,2,704,224990.3,22885.1
idaho,10,3,864,301194.7,236348.6
idaho,11,1,86,26365.0,1187.8
idaho,11,2,104,32886.0,3170.2
idaho,11,3,39,13069.1,3850.9
idaho,12,1,11,3359.6,152.0
idaho,12,2,9,2831.4,312.3
idaho,12,3,8,2573.9,745.1999999999999
california,1,1,79,24197.0,931.0
california,1,2,38,12018.9,1096.4
california,1,3,20,6768.9,1502.1
california,2,1,64,19615.8,584.7
california,2,2,19,5962.5,509.0
california,3,1,224,69280.6,2112.6
california,3,2,54,17089.8,1537.5
california,3,3,13,4261.1,905.6
california,4,1,223,69841.8,2207.1
california,4,2,68,21834.4,2124.9
california,4,3,27,9085.9,3240.6
california,5,1,187,59239.5,1958.0
california,5,2,88,28710.3,2835.0
california,5,3,52,18106.5,6122.599999999999
california,6,1,219,69580.2,2788.4
california,6,2,225,73820.5,7584.5
california,6,3,359,125617.1,81698.4
california,7,1,939,296433.0,12068.6
california,7,2,1239,406896.2,40982.7
california,7,3,2658,973988.2,905013.8
california,8,1,349,109354.2,4408.9
california,8,2,445,144875.7,14532.6
california,8,3,575,204819.3,154165.1
california,9,1,324,101780.0,4014.5
california,9,2,398,129324.5,13177.7
california,9,3,682,247920.9,271016.0
california,10,1,372,115823.0,4144.1
california,10,2,217,69973.5,7178.9
california,10,3,149,51624.9,23764.7
california,11,1,301,92574.9,3318.4
california,11,2,180,57400.8,5511.1
california,11,3,122,42195.3,17839.4
california,12,1,105,32142.9,1103.5
california,12,2,51,16122.9,1596.7
california,12,3,34,11445.0,6206.8
connecticut,2,1,1,300.4,9.4
connecticut,3,1,4,1209.3,26.1
connecticut,4,1,1,303.9,4.3
connecticut,5,1,1,312.4,12.2
connecticut,6,1,5,1566.9,41.7
connecticut,6,2,1,310.0,30.9
connecticut,7,1,4,1268.1,44.6
connecticut,7,2,3,941.4,101.9
connecticut,8,1,2,627.3,14.100000000000001
connecticut,9,1,9,2792.1,74.6
connecticut,9,2,1,325.7,24.9
connecticut,10,1,6,1836.9,51.2
connecticut,10,2,1,317.4,20.9
connecticut,11,1,1,314.9,18.7
texas,1,1,435,133230.7,3967.4
texas,1,2,100,31825.2,3078.0
texas,1,3,40,13459.9,4904.5
texas,2,1,826,255812.5,7645.7
texas,2,2,261,84431.8,8076.7
texas,2,3,345,123054.7,84793.1
texas,3,1,555,172333.5,5278.9
texas,3,2,133,42628.6,3881.6
texas,3,3,59,19764.7,6843.7
texas,4,1,311,97381.2,3178.0
texas,4,2,113,36432.1,3640.6
texas,4,3,42,14428.9,4409.6
texas,5,1,217,68835.7,2274.7
texas,5,2,70,22847.5,2275.9
texas,5,3,30,10182.1,2824.7
texas,6,1,275,87185.3,2970.5
texas,6,2,83,26869.0,2573.0
texas,6,3,24,8041.5,1976.0
texas,7,1,247,78128.6,2582.7
texas,7,2,83,26786.2,2528.0
texas,7,3,42,14306.6,5191.5
texas,8,1,281,89446.4,2944.3
texas,8,2,85,27764.4,2684.7
texas,8,3,67,22779.9,9206.3
texas,9,1,390,123295.4,4046.3
texas,9,2,122,39721.1,3609.0
texas,9,3,77,26081.5,7535.5
texas,10,1,330,103637.1,3525.2
texas,10,2,114,36816.1,3607.5
texas,10,3,48,16143.0,6999.0
texas,11,1,356,109602.6,3504.5
texas,11,2,121,38395.4,3679.9
texas,11,3,44,14605.8,4419.7
texas,12,1,356,109035.8,3355.2
texas,12,2,94,29612.7,2735.4
texas,12,3,26,8648.4,2243.9
virginia,1,1,5,1532.2,52.8
virginia,2,1,44,13451.6,497.8
virginia,2,2,11,3476.5,338.4
virginia,2,3,6,1966.9,376.7
virginia,3,1,78,24021.3,785.2
virginia,3,2,29,9260.4,916.5
virginia,3,3,19,6450.9,1809.8
virginia,4,1,92,28525.2,836.8
virginia,4,2,31,9978.2,915.6
virginia,4,3,25,8470.2,2820.4
virginia,5,1,75,23337.4,646.1
virginia,5,2,2,656.5,59.900000000000006
virginia,5,3,5,1760.1,529.0999999999999
virginia,6,1,51,16100.0,481.7
virginia,6,2,10,3230.8,316.1
virginia,6,3,7,2319.6,776.8
virginia,7,1,52,16356.4,436.9
virginia,7,2,1,330.9,22.8
virginia,8,1,52,16220.0,426.9
virginia,8,2,4,1290.6,127.3
virginia,8,3,9,3081.2,874.7
virginia,9,1,32,9874.2,241.9
virginia,9,2,2,651.5,84.4
virginia,9,3,3,986.2,352.8
virginia,10,1,63,19358.9,564.1
virginia,10,2,17,5413.599999999999,545.5
virginia,10,3,21,7142.1,2753.1
virginia,11,1,36,11020.0,343.9
virginia,11,2,9,2870.5,285.2
virginia,12,1,11,3375.0,136.1
virginia,12,2,6,1871.2,179.8
virginia,12,3,2,729.0,209.2
new_york,2,1,4,1219.3,32.900000000000006
new_york,3,1,15,4589.6,151.8
new_york,3,2,1,319.7,23.5
new_york,4,1,11,3387.2,69.8
new_york,4,2,5,1634.3,148.0
new_york,5,1,13,4010.2,73.7
new_york,6,1,9,2806.9,75.7
new_york,7,1,19,5941.7,153.6
new_york,8,1,9,2799.7,82.0
new_york,9,1,16,4906.3,101.2
new_york,9,2,2,636.6,81.9
new_york,10,1,53,16149.5,419.8
new_york,10,2,2,638.7,42.5
new_york,11,1,15,4569.0,130.3
new_york,11,2,5,1564.0,127.9
new_york,11,3,5,1572.0,302.0
illinois,2,1,169,51694.4,1686.4
illinois,2,2,46,14562.4,1350.6
illinois,2,3,19,6324.3,1451.3
illinois,3,1,298,91650.4,2774.8
illinois,3,2,72,22746.2,2154.0
illinois,3,3,27,8995.3,2145.2
illinois,4,1,70,21601.8,640.2
illinois,4,2,9,2850.6,295.9
illinois,4,3,3,994.8,193.2
illinois,5,1,31,9630.6,232.2
illinois,5,3,3,1014.6,181.10000000000002
illinois,6,1,37,11659.5,328.9
illinois,6,2,1,313.0,21.1
illinois,6,3,2,685.2,426.6
illinois,7,1,26,8086.4,209.9
illinois,7,2,1,301.4,22.2
illinois,8,1,17,5301.4,137.0
illinois,8,2,1,311.9,43.9
illinois,9,1,24,7486.0,186.6
illinois,9,2,2,647.8,57.1
illinois,9,3,1,357.0,81.9
illinois,10,1,41,12725.7,354.1
illinois,10,2,14,4474.0,437.5
illinois,10,3,5,1686.1,356.6
illinois,11,1,22,6706.5,206.7
illinois,11,2,1,314.7,32.4
illinois,12,1,5,1524.6999999999998,71.4
illinois,12,2,3,927.8,66.5
montana,1,1,12,3664.6,137.4
montana,1,2,4,1274.1,102.0
montana,1,3,3,1059.8,248.0
montana,2,2,6,1884.9,161.3
montana,2,3,3,1018.1,352.1
montana,3,1,32,9866.4,370.6
montana,3,2,25,7956.9,744.8
montana,3,3,17,6091.2,3198.2
montana,4,1,135,42200.2,1622.2
montana,4,2,69,22239.8,2347.0
montana,4,3,53,17994.3,6801.0
montana,5,1,22,6883.3,267.0
montana,5,2,12,3872.8,436.5
montana,5,3,10,3373.4,1301.5
montana,6,1,12,3713.7,105.0
montana,6,2,4,1296.0,109.69999999999999
montana,6,3,2,726.6,384.6
montana,7,1,120,37618.7,1515.4
montana,7,2,210,69346.2,7130.8
montana,7,3,261,93389.6,49303.1
montana,8,1,139,43742.5,1693.8
montana,8,2,139,45076.1,4535.1
montana,8,3,450,158061.0,132572.9
montana,9,1,215,67185.0,2597.7
montana,9,2,165,52890.5,5291.9
montana,9,3,193,68528.6,40048.1
montana,10,1,170,52388.3,2025.3
montana,10,2,146,46492.2,4688.4
montana,10,3,159,55246.4,40795.1
montana,11,1,39,11974.3,539.6
montana,11,2,43,13743.8,1244.5
montana,11,3,11,3788.9,849.5
montana,12,1,11,3397.1,160.6
montana,12,2,9,2832.5,283.6
montana,12,3,16,5362.8,2121.1
kentucky,2,1,35,10708.6,261.1
kentucky,2,2,4,1300.6,118.69999999999999
kentucky,3,1,103,31749.3,992.7
kentucky,3,2,36,11545.9,1187.2
kentucky,3,3,31,10511.1,3086.0
kentucky,4,1,57,17512.2,367.8
kentucky,4,2,2,654.9,51.7
kentucky,5,1,16,4990.0,134.6
kentucky,6,1,36,11329.9,297.7
kentucky,6,2,8,2595.3,214.4
kentucky,6,3,4,1342.1,264.29999999999995
kentucky,7,1,20,6282.3,171.0
kentucky,7,2,5,1593.0,203.6
kentucky,7,3,4,1282.1,357.0
kentucky,8,1,33,10292.4,264.6
kentucky,8,2,1,312.2,24.0
kentucky,8,3,1,315.4,54.5
kentucky,9,1,26,8107.4,241.0
kentucky,9,2,4,1310.9,131.2
kentucky,10,1,57,17582.0,453.0
kentucky,10,2,6,1913.9,176.9
kentucky,11,1,38,11572.8,308.5
kentucky,11,2,3,924.7,81.4
kentucky,12,1,4,1220.6,43.0
kentucky,12,2,3,927.3,85.6
kentucky,12,3,1,316.6,55.8
oregon,1,1,12,3692.1,172.7
oregon,1,2,7,2200.7,185.3
oregon,1,3,2,645.9000000000001,116.5
oregon,2,1,16,4927.8,209.6
oregon,2,2,5,1614.1,178.60000000000002
oregon,2,3,1,336.3,50.1
oregon,3,1,50,15407.1,450.7
oregon,3,2,20,6346.8,595.8
oregon,3,3,11,3750.4,974.5
oregon,4,1,42,13021.5,414.1
oregon,4,2,14,4484.4,383.3
oregon,4,3,6,2198.9,949.9
oregon,5,1,93,29268.6,1128.2
oregon,5,2,79,25648.4,2422.1
oregon,5,3,47,16312.6,4901.2
oregon,6,1,47,14753.7,588.8
oregon,6,2,52,16682.8,1689.4
oregon,6,3,64,22011.5,14653.4
oregon,7,1,1880,590760.1,24215.7
oregon,7,2,2354,771073.0,76792.0
oregon,7,3,2980,1055104.1,587378.1
oregon,8,1,785,245875.0,9402.9
oregon,8,2,606,198806.7,19334.2
oregon,8,3,819,296142.7,218604.1
oregon,9,1,780,244977.3,9892.8
oregon,9,2,1045,340679.8,34548.6
oregon,9,3,1559,554357.5,306414.1
oregon,10,1,268,82689.3,3237.2
oregon,10,2,210,67335.1,6640.3
oregon,10,3,165,57751.7,28695.6
oregon,11,1,187,57318.5,2412.6
oregon,11,2,149,47265.9,4506.3
oregon,11,3,85,27935.4,7337.5
oregon,12,1,121,37033.7,1609.9
oregon,12,2,96,30328.1,2935.5
oregon,12,3,45,15215.4,4016.6
district_of_columbia,8,1,1,319.2,8.7
ohio,1,1,1,301.7,10.0
ohio,1,2,1,305.0,20.2
ohio,2,1,26,7914.3,198.9
ohio,2,2,1,336.5,37.7
ohio,3,1,42,12887.5,365.8
ohio,3,2,11,3480.7,287.6
ohio,4,1,55,16863.9,374.9
ohio,5,1,38,11787.9,281.7
ohio,6,1,93,28985.9,787.2
ohio,6,2,1,315.6,22.8
ohio,7,1,98,30543.1,845.4
ohio,7,2,3,943.9000000000001,85.39999999999999
ohio,8,1,89,27498.1,719.2
ohio,8,2,2,612.4,90.7
ohio,9,1,67,20800.2,604.3
ohio,9,2,2,644.7,49.5
ohio,10,1,66,20262.2,553.9
ohio,10,2,8,2496.5,221.1
ohio,11,1,26,7869.2,189.6
ohio,12,1,4,1216.9,38.4
ohio,12,2,1,311.1,26.5
arkansas,1,1,17,5172.2,158.5
arkansas,1,2,6,1903.1999999999998,204.79999999999998
arkansas,1,3,1,320.6,62.2
arkansas,2,1,336,103626.2,3316.1
arkansas,2,2,129,41554.6,4011.8
arkansas,2,3,90,31190.9,10483.1
arkansas,3,1,365,112861.6,3384.9
arkansas,3,2,159,50536.2,4969.8
arkansas,3,3,137,46546.7,18338.8
arkansas,4,1,189,58873.7,1737.0
arkansas,4,2,39,12672.9,1191.4
arkansas,4,3,32,10941.2,2424.9
arkansas,5,1,39,12078.2,345.4
arkansas,5,2,6,1981.5,169.0
arkansas,5,3,2,626.4000000000001,143.8
arkansas,6,1,95,29998.7,970.6
arkansas,6,2,29,9370.6,921.8
arkansas,6,3,10,3449.9,1042.0
arkansas,7,1,95,29888.9,977.7
arkansas,7,2,12,3856.3,301.6
arkansas,7,3,2,708.5999999999999,135.1
arkansas,8,1,178,56428.2,1897.4
arkansas,8,2,90,29348.8,2840.5
arkansas,8,3,83,28746.5,9071.1
arkansas,9,1,242,76548.7,2637.1
arkansas,9,2,153,50045.9,4902.4
arkansas,9,3,100,34991.9,10994.1
arkansas,10,1,858,270427.5,9545.1
arkansas,10,2,538,174061.3,17284.9
arkansas,10,3,322,108210.6,30297.5
arkansas,11,1,86,26331.3,793.2
arkansas,11,2,20,6271.1,568.5
arkansas,11,3,9,3088.0,1344.2
arkansas,12,1,52,15910.8,505.8
arkansas,12,2,30,9655.0,887.4
arkansas,12,3,11,3776.4,1066.1
washington,1,1,2,614.4,32.3
washington,2,1,8,2490.8,99.4
washington,3,1,90,27881.4,844.3
washington,3,2,25,7929.6,791.3
washington,3,3,18,6009.1,1782.7
washington,4,1,42,13007.9,446.0
washington,4,2,18,5771.1,558.5
washington,4,3,7,2421.3,1066.8999999999999
washington,5,1,38,11883.0,409.4
washington,5,2,17,5431.6,535.7
washington,5,3,11,3603.7,1204.3
washington,6,1,56,17500.0,712.9
washington,6,2,43,13956.4,1423.9
washington,6,3,40,13599.7,4203.1
washington,7,1,448,139847.5,5578.0
washington,7,2,610,199130.7,20149.4
washington,7,3,878,309603.2,216113.5
washington,8,1,252,79100.7,3211.0
washington,8,2,320,103997.8,10458.8
washington,8,3,457,160121.7,92148.1
washington,9,1,73,22896.3,860.4
washington,9,2,64,20635.5,2080.7
washington,9,3,67,23481.4,10128.3
washington,10,1,119,36584.7,1388.6
washington,10,2,68,21720.2,2030.5
washington,10,3,34,11671.7,3429.8
washington,11,1,96,29491.0,1252.1
washington,11,2,62,19745.5,2011.3
washington,11,3,13,4407.7,1021.2
washington,12,1,12,3668.0,151.4
washington,12,2,3,967.3000000000001,83.1
washington,12,3,6,1985.9,474.1
wyoming,1,1,6,1820.5,66.5
wyoming,1,2,3,959.4,115.3
wyoming,1,3,2,709.1,257.3
wyoming,2,1,3,940.2,43.8
wyoming,2,2,5,1609.7,158.2
wyoming,2,3,7,2392.1,576.8
wyoming,3,1,24,7449.1,273.4
wyoming,3,2,13,4200.2,358.7
wyoming,3,3,8,2690.0,710.4
wyoming,4,1,14,4436.9,137.7
wyoming,4,2,16,5148.9,462.4
wyoming,4,3,7,2396.2,569.3
wyoming,5,1,5,1554.4,42.3
wyoming,5,2,2,612.8,73.9
wyoming,5,3,9,3079.6,934.4
wyoming,6,1,17,5335.4,208.9
wyoming,6,2,21,6852.1,695.4
wyoming,6,3,17,5978.1,2991.4
wyoming,7,1,41,12977.7,421.8
wyoming,7,2,42,13589.2,1369.5
wyoming,7,3,50,17442.7,6931.599999999999
wyoming,8,1,247,78089.7,3237.8
wyoming,8,2,318,103928.3,10444.2
wyoming,8,3,512,182042.5,109930.7
wyoming,9,1,127,39862.6,1704.9
wyoming,9,2,186,60839.7,6264.7
wyoming,9,3,427,154112.8,147984.6
wyoming,10,1,260,80565.5,3487.6
wyoming,10,2,362,116144.6,11936.9
wyoming,10,3,790,280990.0,232536.2
wyoming,11,1,3,945.7,51.3
wyoming,11,2,1,322.7,34.2
wyoming,12,1,6,1840.0,73.8
wyoming,12,2,4,1268.2,121.1
wyoming,12,3,5,1749.8,480.6
maine,4,1,2,605.3,9.1
maine,5,1,5,1515.3,26.8
maine,6,1,2,604.5,10.8
maine,7,1,3,924.8,16.9
maine,9,1,6,1852.8,73.3
maine,9,3,3,962.8,211.39999999999998
maine,10,1,18,5503.9,184.0
new_mexico,1,1,9,2781.8,115.3
new_mexico,1,2,4,1262.3,131.9
new_mexico,1,3,1,362.2,101.8
new_mexico,2,1,19,5942.7,215.1
new_mexico,2,2,11,3482.1,336.7
new_mexico,2,3,12,4148.0,2159.4
new_mexico,3,1,20,6256.2,226.9
new_mexico,3,2,8,2573.4,262.1
new_mexico,3,3,6,2143.2,645.5
new_mexico,4,1,21,6743.2,272.3
new_mexico,4,2,19,6189.6,653.4
new_mexico,4,3,27,9349.3,2858.1
new_mexico,5,1,55,17197.6,714.2
new_mexico,5,2,86,28347.3,2934.5
new_mexico,5,3,134,46722.8,27895.3
new_mexico,6,1,53,16653.6,689.2
new_mexico,6,2,127,41558.6,4170.9
new_mexico,6,3,152,55545.0,33348.2
new_mexico,7,1,35,11135.8,474.6
new_mexico,7,2,42,13898.8,1342.5
new_mexico,7,3,31,10797.8,3246.8
new_mexico,8,1,8,2610.3,106.6
new_mexico,8,2,9,3029.4,245.0
new_mexico,8,3,5,1691.4,733.5
new_mexico,9,1,19,6046.0,222.5
new_mexico,9,2,13,4236.2,384.7
new_mexico,9,3,3,1022.4,240.4
new_mexico,10,1,22,6798.6,233.3
new_mexico,10,2,15,4804.3,459.4
new_mexico,10,3,12,4124.7,1140.5
new_mexico,11,1,14,4283.5,163.3
new_mexico,11,2,4,1242.0,98.5
new_mexico,11,3,2,655.5999999999999,126.0
new_mexico,12,1,11,3355.9,106.7
new_mexico,12,2,7,2271.4,211.7
utah,1,1,5,1553.6,57.4
utah,1,2,3,960.0,98.0
utah,2,1,2,608.8,12.7
utah,2,2,1,307.5,20.6
utah,2,3,1,327.2,55.1
utah,3,1,5,1530.0,37.1
utah,3,2,2,641.3,72.8
utah,3,3,3,1012.8,255.0
utah,4,1,22,6917.0,215.1
utah,4,2,6,1954.0,195.7
utah,4,3,5,1729.7,729.2
utah,5,1,13,4154.7,131.8
utah,5,2,5,1650.1999999999998,173.60000000000002
utah,5,3,7,2432.1,1172.4
utah,6,1,31,9661.3,355.40000000000003
utah,6,2,34,10992.1,1085.2
utah,6,3,50,18153.4,12045.7
utah,7,1,79,24739.4,1016.7
utah,7,2,82,26709.2,2531.4
utah,7,3,227,84771.2,91579.5
utah,8,1,15,4718.3,170.0
utah,8,2,5,1595.0,180.8
utah,8,3,22,7899.6,6008.2
utah,9,1,10,3155.6,114.6
utah,9,2,12,3886.4,409.8
utah,9,3,25,9140.4,16778.3
utah,10,1,85,26478.9,1096.6
utah,10,2,120,38784.6,3985.9
utah,10,3,166,58876.2,48147.2
utah,11,1,16,4889.3,193.8
utah,11,2,7,2254.6,230.7
utah,11,3,13,4588.3,2752.1
west_virginia,2,1,10,3055.3,78.3
west_virginia,3,1,27,8304.3,318.9
west_virginia,3,2,10,3165.8,318.3
west_virginia,3,3,5,1633.8,269.6
west_virginia,4,1,12,3710.1000000000004,109.8
west_virginia,4,2,6,2000.7,194.3
west_virginia,4,3,2,708.7,151.7
west_virginia,5,1,8,2474.5,61.2
west_virginia,5,2,2,637.5,44.6
west_virginia,5,3,2,749.4000000000001,495.0
west_virginia,6,1,23,7159.1,202.8
west_virginia,6,2,6,1937.1000000000001,174.5
west_virginia,7,1,15,4685.1,138.8
west_virginia,8,1,22,6854.2,222.4
west_virginia,8,2,7,2247.4,180.1
west_virginia,9,1,18,5542.6,145.8
west_virginia,9,2,1,319.9,26.6
west_virginia,9,3,2,698.0,165.5
west_virginia,10,1,26,7950.6,258.3
west_virginia,10,2,6,1869.9,199.8
west_virginia,11,1,34,10334.9,260.7
west_virginia,11,2,5,1583.1,158.6
west_virginia,11,3,1,327.9,52.5
west_virginia,12,1,1,300.6,10.9
kansas,1,1,12,3684.7,141.1
kansas,1,2,4,1249.0,127.9
kansas,1,3,2,612.5,107.3
kansas,2,1,176,54107.6,1614.7
kansas,2,2,55,17556.4,1611.0
kansas,2,3,31,10664.4,5144.0
kansas,3,1,981,305019.2,9757.6
kansas,3,2,409,131806.2,12882.3
kansas,3,3,282,95917.7,33926.8
kansas,4,1,903,284659.8,10455.0
kansas,4,2,650,209748.6,20352.0
kansas,4,3,477,162028.3,51643.4
kansas,5,1,53,16751.8,546.3
kansas,5,2,20,6533.2,628.6
kansas,5,3,16,5426.5,1742.9
kansas,6,1,31,9854.6,354.4
kansas,6,2,22,7278.5,717.1
kansas,6,3,16,5619.0,2147.1
kansas,7,1,41,13077.4,456.7
kansas,7,2,22,7237.5,712.6
kansas,7,3,21,7117.8,3143.7000000000003
kansas,8,1,71,22771.2,827.0
kansas,8,2,42,13832.3,1317.5
kansas,8,3,35,12072.0,3405.7
kansas,9,1,57,18118.4,671.7
kansas,9,2,43,13982.0,1340.3
kansas,9,3,36,12432.0,3239.1
kansas,10,1,95,29621.2,876.4
kansas,10,2,50,16309.2,1605.7
kansas,10,3,42,14952.6,5158.9
kansas,11,1,19,5774.6,183.3
kansas,11,2,4,1252.0,100.3
kansas,11,3,2,688.6,190.5
kansas,12,1,20,6106.8,205.3
kansas,12,2,9,2865.4,300.6
kansas,12,3,4,1284.5,375.1
nevada,1,1,5,1540.8,54.1
nevada,1,2,1,340.0,45.4
nevada,1,3,2,710.5,162.39999999999998
nevada,2,1,4,1214.9,33.4
nevada,2,2,2,660.6,69.80000000000001
nevada,2,3,2,604.9,137.6
nevada,3,1,3,939.9,17.1
nevada,4,1,5,1586.3,61.7
nevada,4,2,3,970.2,96.6
nevada,5,1,2,641.7,19.9
nevada,5,2,4,1320.0,101.60000000000001
nevada,6,1,16,5109.9,224.9
nevada,6,2,11,3576.2,374.1
nevada,6,3,24,8839.5,7997.7
nevada,7,1,33,10475.8,434.3
nevada,7,2,39,12827.0,1287.2
nevada,7,3,130,46157.7,33861.2
nevada,8,1,73,22717.6,965.1
nevada,8,2,80,26156.4,2528.0
nevada,8,3,73,25741.3,11778.6
nevada,9,1,18,5572.9,222.7
nevada,9,2,28,8987.7,931.3
nevada,9,3,39,14289.7,15408.3
nevada,10,1,25,7861.8,335.6
nevada,10,2,23,7388.2,686.0
nevada,10,3,31,10468.2,5877.5
nevada,11,1,14,4343.5,135.7
nevada,11,2,4,1317.4,125.9
nevada,11,3,12,4435.9,2025.5
nevada,12,1,5,1536.5,74.2
nevada,12,2,11,3494.7,370.4
nevada,12,3,4,1350.8000000000002,590.0999999999999
mississippi,1,1,49,14912.5,546.2
mississippi,1,2,18,5572.5,580.9
mississippi,1,3,9,2827.5,618.6
mississippi,2,1,315,96707.7,3461.0
mississippi,2,2,105,33338.8,3296.2
mississippi,2,3,47,15742.9,4214.7
mississippi,3,1,167,51705.4,1616.9
mississippi,3,2,66,21227.7,2060.1
mississippi,3,3,24,8365.6,2299.2
mississippi,4,1,142,44192.2,1332.1
mississippi,4,2,56,17964.5,1671.1
mississippi,4,3,14,4862.0,1242.8
mississippi,5,1,89,27820.5,794.0
mississippi,5,2,16,5183.8,499.40000000000003
mississippi,5,3,15,5135.7,1547.6
mississippi,6,1,123,38735.5,1156.7
mississippi,6,2,32,10211.1,938.6
mississippi,6,3,11,3715.1,1082.4
mississippi,7,1,100,31508.2,997.7
mississippi,7,2,19,6121.3,553.0
mississippi,7,3,3,952.3,312.3
mississippi,8,1,230,72855.3,2445.8
mississippi,8,2,80,26042.2,2512.0
mississippi,8,3,71,24537.6,10779.699999999999
mississippi,9,1,160,50265.7,1670.6
mississippi,9,2,68,22079.8,2126.9
mississippi,9,3,38,13014.7,4701.0
mississippi,10,1,402,125487.8,4401.7
mississippi,10,2,182,58522.3,5851.4
mississippi,10,3,134,46075.0,16425.5
mississippi,11,1,128,39372.1,1383.7
mississippi,11,2,36,11502.4,1059.1
mississippi,11,3,16,5479.5,1640.7
mississippi,12,1,73,22338.4,772.8
mississippi,12,2,49,15627.9,1548.6
mississippi,12,3,27,9131.6,2957.6
new_hampshire,6,1,1,312.4,7.8
new_hampshire,8,1,1,300.0,7.0
alabama,1,1,108,32982.2,1101.7
alabama,1,2,32,10108.9,1031.2
alabama,1,3,15,4991.3,1130.2
alabama,2,1,607,186512.6,6299.9
alabama,2,2,240,76327.5,7400.2
alabama,2,3,66,22308.6,5932.4
alabama,3,1,465,144156.6,4423.6
alabama,3,2,135,43479.1,3996.6
alabama,3,3,32,10992.4,3350.5
alabama,4,1,283,88067.9,2740.5
alabama,4,2,91,29339.6,2805.2
alabama,4,3,28,9761.7,3344.0
alabama,5,1,74,23138.1,713.8
alabama,5,2,23,7414.8,676.7
alabama,5,3,8,2733.5,649.3000000000001
alabama,6,1,101,31728.3,1014.2
alabama,6,2,29,9249.6,876.7
alabama,6,3,6,2000.8,457.3
alabama,7,1,86,26963.6,758.4
alabama,7,2,10,3218.1,316.5
alabama,7,3,4,1333.7,259.0
alabama,8,1,223,70224.5,2292.8
alabama,8,2,100,32433.1,3287.1
alabama,8,3,110,38406.8,15935.8
alabama,9,1,180,56436.0,1889.0
alabama,9,2,90,29017.7,2922.4
alabama,9,3,104,35932.7,15394.2
alabama,10,1,396,123015.8,4276.5
alabama,10,2,237,75843.8,7775.8
alabama,10,3,193,65635.8,23508.6
alabama,11,1,178,54829.8,1832.1
alabama,11,2,83,26179.8,2672.7
alabama,11,3,39,13167.9,3376.5
alabama,12,1,213,65245.3,2435.8
alabama,12,2,164,52035.1,5353.1
alabama,12,3,110,36528.3,9423.3
south_dakota,1,1,8,2481.0,114.5
south_dakota,1,2,4,1254.9,121.2
south_dakota,1,3,5,1742.9,482.3
south_dakota,2,1,10,3064.8,117.1
south_dakota,2,2,5,1597.3,147.5
south_dakota,3,1,37,11494.6,405.4
south_dakota,3,2,24,7640.9,776.7
south_dakota,3,3,9,2931.7,668.4
south_dakota,4,1,77,24168.1,882.3
south_dakota,4,2,31,10005.8,970.7
south_dakota,4,3,31,10791.1,3838.1
south_dakota,5,1,19,6042.8,194.9
south_dakota,5,2,11,3610.2,334.5
south_dakota,5,3,8,2705.5,882.1999999999999
south_dakota,6,1,3,960.3,25.700000000000003
south_dakota,7,1,9,2827.5,88.0
south_dakota,7,2,3,988.0999999999999,76.9
south_dakota,7,3,3,1048.3,200.8
south_dakota,8,1,10,3092.1,107.8
south_dakota,8,2,1,307.8,36.6
south_dakota,9,1,34,10629.2,335.5
south_dakota,9,2,20,6594.7,643.3
south_dakota,9,3,31,11559.9,7372.9
south_dakota,10,1,10,3102.2,116.0
south_dakota,10,2,6,1918.7,200.0
south_dakota,10,3,4,1598.2,2150.4
south_dakota,11,1,8,2439.5,86.2
south_dakota,11,2,3,971.5,100.9
south_dakota,11,3,4,1359.4,426.4
pennsylvania,2,1,6,1826.0,59.7
pennsylvania,2,2,3,941.8,80.1
pennsylvania,3,1,37,11330.9,324.9
pennsylvania,3,2,3,952.4,75.5
pennsylvania,3,3,2,651.9000000000001,121.3
pennsylvania,4,1,58,17828.9,467.9
pennsylvania,4,2,9,2835.7,240.0
pennsylvania,4,3,6,2168.6,1760.6
pennsylvania,5,1,100,31328.5,891.8
pennsylvania,5,2,4,1277.0,100.3
pennsylvania,6,1,58,18343.8,613.4
pennsylvania,6,2,2,646.1,53.2
pennsylvania,7,1,101,31731.4,973.1
pennsylvania,7,2,4,1334.5,112.8
pennsylvania,8,1,81,25161.6,724.7
pennsylvania,8,2,6,1885.0,197.4
pennsylvania,9,1,68,20936.5,536.1
pennsylvania,9,2,1,330.2,25.3
pennsylvania,9,3,1,368.2,113.9
pennsylvania,10,1,32,9763.3,276.8
pennsylvania,10,2,5,1594.4,116.1
pennsylvania,11,1,27,8243.8,260.7
pennsylvania,11,2,7,2247.8,244.2
pennsylvania,11,3,3,957.4000000000001,197.0
pennsylvania,12,1,1,303.6,8.0
oklahoma,1,1,47,14464.0,463.5
oklahoma,1,2,19,5981.8,563.5
oklahoma,1,3,7,2287.8,756.4
oklahoma,2,1,620,192369.9,6005.2
oklahoma,2,2,226,72645.1,6840.8
oklahoma,2,3,116,40565.5,17401.8
oklahoma,3,1,730,227040.8,7815.8
oklahoma,3,2,346,111187.9,10930.7
oklahoma,3,3,247,83895.9,38848.9
oklahoma,4,1,498,155984.3,5702.2
oklahoma,4,2,357,115045.9,11577.7
oklahoma,4,3,256,87943.7,30181.3
oklahoma,5,1,41,12875.5,396.5
oklahoma,5,2,16,5214.2,521.7
oklahoma,5,3,10,3462.5,865.0
oklahoma,6,1,42,13411.199999999999,449.0
oklahoma,6,2,21,6962.9,651.0
oklahoma,6,3,19,6819.4,4825.400000000001
oklahoma,7,1,67,21304.9,719.8
oklahoma,7,2,29,9516.3,897.8
oklahoma,7,3,41,14427.6,5910.5
oklahoma,8,1,117,37580.3,1316.3
oklahoma,8,2,61,20198.2,1923.0
oklahoma,8,3,44,15785.7,6456.2
oklahoma,9,1,88,27821.5,862.7
oklahoma,9,2,31,10155.9,961.1
oklahoma,9,3,17,5829.4,1562.0
oklahoma,10,1,168,52987.7,1983.4
oklahoma,10,2,91,29614.1,2940.6
oklahoma,10,3,91,31873.8,12356.5
oklahoma,11,1,64,19580.2,595.7
oklahoma,11,2,12,3814.2,351.1
oklahoma,11,3,5,1619.3,488.0
oklahoma,12,1,26,7900.7,250.4
oklahoma,12,2,9,2824.2,243.8
oklahoma,12,3,7,2411.6,703.7
north_carolina,1,1,52,15923.1,599.9
north_carolina,1,2,11,3470.1,345.9
north_carolina,1,3,2,779.3,395.6
north_carolina,2,1,203,62224.2,2144.3
north_carolina,2,2,80,25371.5,2437.8
north_carolina,2,3,24,8174.4,2861.0
north_carolina,3,1,272,84031.4,2590.3
north_carolina,3,2,115,36664.6,3485.6
north_carolina,3,3,34,11424.3,3135.7
north_carolina,4,1,184,57060.6,1738.6
north_carolina,4,2,61,19465.1,1906.8
north_carolina,4,3,30,10198.1,2605.2
north_carolina,5,1,93,29143.1,919.8
north_carolina,5,2,29,9297.0,949.0
north_carolina,5,3,2,655.3,146.1
north_carolina,6,1,105,33177.2,1134.5
north_carolina,6,2,47,15093.2,1538.5
north_carolina,6,3,28,9250.5,2722.6
north_carolina,7,1,87,27438.9,798.4
north_carolina,7,2,3,953.3,110.10000000000001
north_carolina,7,3,4,1325.0,343.2
north_carolina,8,1,93,29107.3,845.7
north_carolina,8,2,21,6752.0,679.7
north_carolina,8,3,21,7271.0,2609.9
north_carolina,9,1,62,19211.1,521.4
north_carolina,9,2,13,4056.3,359.3
north_carolina,9,3,11,3895.6,2374.6
north_carolina,10,1,321,98854.1,2865.5
north_carolina,10,2,73,23260.5,2302.2
north_carolina,10,3,41,13791.1,3502.5
north_carolina,11,1,66,20148.7,597.9
north_carolina,11,2,13,4139.8,413.5
north_carolina,11,3,2,706.5,133.7
north_carolina,12,1,46,14149.4,554.9
north_carolina,12,2,12,3845.8,370.7
north_carolina,12,3,7,2240.5,605.8
massachusetts,2,1,2,615.0999999999999,24.4
massachusetts,3,1,12,3639.9,128.8
massachusetts,3,2,2,617.5999999999999,43.8
massachusetts,4,1,2,612.6,17.9
massachusetts,4,2,1,326.6,30.7
massachusetts,4,3,1,373.7,150.2
massachusetts,5,1,2,621.9,14.899999999999999
massachusetts,5,2,1,323.5,47.4
massachusetts,5,3,1,347.2,129.5
massachusetts,6,1,3,931.8,22.1
massachusetts,7,1,6,1893.0,51.2
massachusetts,7,2,1,311.3,22.8
massachusetts,8,1,4,1245.8000000000002,29.9
massachusetts,9,1,12,3682.2,79.2
massachusetts,10,1,17,5167.3,124.3
massachusetts,10,2,1,324.9,29.0
massachusetts,11,1,7,2151.0,91.69999999999999
massachusetts,11,2,2,638.5,58.4
north_dakota,2,1,3,917.5999999999999,42.400000000000006
north_dakota,2,2,4,1241.8,148.2
north_dakota,2,3,2,627.7,119.39999999999999
north_dakota,3,1,10,3083.3,118.3
north_dakota,3,2,1,335.0,40.3
north_dakota,3,3,2,727.9000000000001,236.89999999999998
north_dakota,4,1,118,36862.8,1336.4
north_dakota,4,2,69,22094.4,2042.4
north_dakota,4,3,42,14402.5,4708.2
north_dakota,5,1,42,13243.3,478.8
north_dakota,5,2,17,5438.0,476.0
north_dakota,5,3,9,2963.0,624.9
north_dakota,6,1,16,4993.5,142.3
north_dakota,6,2,2,666.4000000000001,70.2
north_dakota,6,3,2,706.0,171.4
north_dakota,7,1,13,4070.0,111.2
north_dakota,7,2,1,300.4,21.5
north_dakota,8,1,18,5666.3,176.1
north_dakota,8,2,1,309.0,22.4
north_dakota,8,3,3,1065.7,218.0
north_dakota,9,1,41,12790.9,352.2
north_dakota,9,2,12,3858.0,411.3
north_dakota,9,3,10,3706.0,2071.2000000000003
north_dakota,10,1,86,26526.7,840.3
north_dakota,10,2,37,11924.6,1220.3999999999999
north_dakota,10,3,20,7516.3,4383.099999999999
north_dakota,11,1,44,13464.8,509.8
north_dakota,11,2,19,5976.2,538.9
north_dakota,11,3,11,3655.7,1160.2
delaware,2,1,1,300.0,6.1
delaware,3,1,3,907.3,28.3
delaware,3,2,1,325.8,45.2
delaware,3,3,1,334.7,66.8
delaware,4,1,2,606.5,10.4
delaware,5,1,2,625.7,10.0
delaware,6,1,5,1604.0,48.4
delaware,7,1,4,1265.0,34.1
delaware,9,1,1,307.2,7.8
delaware,10,1,3,919.7,17.5
delaware,11,1,2,628.4,27.3
delaware,12,1,1,308.9,14.5
colorado,1,1,4,1248.1,57.300000000000004
colorado,1,2,1,317.2,20.6
colorado,1,3,2,723.2,224.5
colorado,2,1,17,5252.7,187.1
colorado,2,2,16,5037.0,576.6
colorado,2,3,4,1330.8,408.5
colorado,3,1,32,9976.8,315.9
colorado,3,2,8,2557.3,297.2
colorado,3,3,5,1849.6999999999998,1917.8
colorado,4,1,32,10124.3,350.1
colorado,4,2,15,4853.1,415.6
colorado,4,3,19,6459.6,1861.8
colorado,5,1,15,4699.3,134.0
colorado,5,2,11,3554.0,369.8
colorado,5,3,11,3777.5,862.6
colorado,6,1,13,4135.5,158.3
colorado,6,2,21,6956.2,689.0
colorado,6,3,30,10469.7,4068.6
colorado,7,1,26,8265.6,309.2
colorado,7,2,44,14476.7,1488.2
colorado,7,3,69,24426.3,13463.2
colorado,8,1,27,8355.7,302.7
colorado,8,2,21,6752.4,710.4
colorado,8,3,34,12329.2,13008.8
colorado,9,1,17,5362.1,175.0
colorado,9,2,18,5807.8,514.0
colorado,9,3,18,6245.3,2819.7
colorado,10,1,10,3159.2,136.4
colorado,10,2,5,1631.3,159.2
colorado,10,3,5,1704.4,468.9
colorado,11,1,4,1214.1,43.3
colorado,11,2,2,606.0,60.3
colorado,11,3,7,2279.4,728.3
colorado,12,1,3,923.3,47.9
colorado,12,2,3,932.8,92.8
colorado,12,3,3,953.8,199.5
south_carolina,1,1,48,14630.3,581.8
south_carolina,1,2,33,10281.0,992.8000000000001
south_carolina,1,3,18,5866.4,1951.8
south_carolina,2,1,275,84771.7,2579.1
south_carolina,2,2,77,24589.1,2327.5
south_carolina,2,3,27,9119.1,2031.8
south_carolina,3,1,444,137377.3,4528.5
south_carolina,3,2,135,43240.3,4079.7
south_carolina,3,3,54,18694.5,5793.7
south_carolina,4,1,190,58869.1,1983.3
south_carolina,4,2,79,25286.0,2456.9
south_carolina,4,3,34,11532.7,3112.5
south_carolina,5,1,79,24683.1,766.0
south_carolina,5,2,10,3201.6,271.0
south_carolina,5,3,2,656.5999999999999,121.6
south_carolina,6,1,70,21889.3,700.3
south_carolina,6,2,7,2250.6,207.1
south_carolina,6,3,3,1054.7,253.4
south_carolina,7,1,80,25240.2,795.9
south_carolina,7,2,4,1299.7,124.80000000000001
south_carolina,8,1,86,26897.2,731.1
south_carolina,8,2,5,1628.5,132.8
south_carolina,8,3,1,308.0,54.0
south_carolina,9,1,58,18151.8,583.6
south_carolina,9,2,5,1601.0,125.3
south_carolina,9,3,2,666.0,103.1
south_carolina,10,1,139,42925.6,1292.4
south_carolina,10,2,28,8980.1,882.0
south_carolina,10,3,7,2437.3,835.3000000000001
south_carolina,11,1,61,18636.1,476.5
south_carolina,11,2,14,4435.1,424.9
south_carolina,11,3,4,1412.8000000000002,516.6
south_carolina,12,1,47,14355.1,563.3
south_carolina,12,2,20,6261.9,507.2
south_carolina,12,3,5,1625.8,485.7
hawaii,1,1,1,315.4,11.4
hawaii,2,1,1,314.5,11.2
hawaii,3,1,1,321.3,14.2
hawaii,4,1,3,952.3,29.8
hawaii,5,1,2,628.9000000000001,34.0
hawaii,5,2,1,326.4,21.2
hawaii,6,1,4,1258.0,46.8
hawaii,6,2,7,2279.8,195.7
hawaii,6,3,5,1849.6,2050.6
hawaii,7,1,6,1871.7,67.1
hawaii,7,2,11,3575.3,421.3
hawaii,7,3,7,2557.9,1101.5
hawaii,8,1,3,937.4000000000001,25.5
hawaii,8,3,2,628.0,130.0
hawaii,9,1,16,5031.7,204.8
hawaii,9,2,19,6165.7,607.9
hawaii,9,3,19,6798.7,6100.9
hawaii,10,1,20,6311.8,242.9
hawaii,10,2,1,332.0,26.3
hawaii,11,1,1,327.2,18.5
hawaii,12,1,21,6560.2,258.7
hawaii,12,2,29,9387.4,974.1
hawaii,12,3,174,67908.7,146147.9
vermont,9,1,3,908.9000000000001,25.6
rhode_island,3,1,6,1845.6,59.0
rhode_island,4,1,1,305.0,3.3
rhode_island,5,1,2,619.3,10.5
rhode_island,6,1,1,311.0,9.3
rhode_island,7,1,1,318.5,7.0
rhode_island,8,1,5,1555.1,39.1
rhode_island,9,1,1,307.4,7.5
rhode_island,10,1,4,1221.6,35.1
rhode_island,11,1,4,1207.5,21.1
indiana,1,1,1,307.7,15.0
indiana,2,1,68,20764.3,589.2
indiana,2,2,6,1913.7,184.0
indiana,2,3,4,1377.4,374.2
indiana,3,1,112,34340.4,958.1
indiana,3,2,24,7608.5,668.0
indiana,3,3,7,2300.8,640.6999999999999
indiana,4,1,105,32272.9,774.7
indiana,4,2,7,2192.6,195.4
indiana,5,1,66,20562.6,647.4
indiana,5,2,5,1591.6000000000001,110.6
indiana,6,1,77,23972.3,692.8
indiana,6,2,18,5727.0,505.2
indiana,7,1,81,25258.9,825.9
indiana,7,2,18,5680.8,592.0
indiana,7,3,1,309.2,59.2
indiana,8,1,110,34198.8,928.8
indiana,8,2,19,6051.7,584.5
indiana,9,1,85,26302.0,815.5
indiana,9,2,13,4106.6,371.0
indiana,9,3,1,316.8,51.1
indiana,10,1,87,26867.1,895.0
indiana,10,2,21,6609.1,625.9
indiana,10,3,9,2892.0,606.9
indiana,11,1,37,11238.3,330.6
indiana,11,2,1,314.4,24.1
indiana,12,1,5,1514.7,47.4
indiana,12,2,2,624.3,53.6
new_jersey,2,1,4,1219.1,49.400000000000006
new_jersey,2,2,1,328.2,46.2
new_jersey,3,1,30,9254.4,259.4
new_jersey,3,2,17,5436.2,542.1
new_jersey,3,3,6,2061.2,364.0
new_jersey,4,1,15,4644.1,125.6
new_jersey,5,1,9,2865.7,82.4
new_jersey,6,1,6,1872.0,46.8
new_jersey,6,2,3,964.5,72.4
new_jersey,7,1,11,3494.1,118.0
new_jersey,7,2,2,665.6,64.5
new_jersey,7,3,2,701.6,122.19999999999999
new_jersey,8,1,12,3765.0,112.4
new_jersey,9,1,12,3758.5,127.1
new_jersey,9,2,2,650.0,54.4
new_jersey,10,1,23,7114.7,231.9
new_jersey,10,2,5,1580.8,168.7
new_jersey,10,3,2,668.2,161.8
new_jersey,11,1,16,4900.1,165.5
new_jersey,11,2,7,2190.3,197.2
new_jersey,11,3,4,1295.8,245.2
new_jersey,12,1,1,306.5,16.6
arizona,1,1,40,12326.2,423.0
arizona,1,2,29,9286.0,926.9
arizona,1,3,18,6086.6,1782.8
arizona,2,1,53,16426.9,509.8
arizona,2,2,30,9633.9,934.6
arizona,2,3,5,1690.5,444.8
arizona,3,1,43,13350.1,444.9
arizona,3,2,21,6794.4,668.3
arizona,3,3,10,3466.4,1007.0
arizona,4,1,51,16137.2,632.8
arizona,4,2,42,13568.8,1244.2
arizona,4,3,33,11506.8,4185.1
arizona,5,1,84,26775.4,1094.5
arizona,5,2,84,27476.3,2675.6
arizona,5,3,96,33980.5,16181.4
arizona,6,1,71,22356.2,877.4
arizona,6,2,76,24745.2,2561.5
arizona,6,3,106,37498.7,25378.0
arizona,7,1,180,57208.9,2150.7
arizona,7,2,122,40594.2,4024.4
arizona,7,3,167,59230.6,26199.7
arizona,8,1,24,7646.9,275.8
arizona,8,2,22,7264.2,719.4
arizona,8,3,10,3497.9,1354.2
arizona,9,1,125,39203.4,1510.8
arizona,9,2,121,39476.8,3954.3
arizona,9,3,122,42613.3,18303.5
arizona,10,1,61,19309.2,801.8
arizona,10,2,79,25742.5,2703.4
arizona,10,3,81,27371.4,8455.1
arizona,11,1,59,18319.1,695.2
arizona,11,2,56,17703.1,1872.3
arizona,11,3,46,15744.9,5115.7
arizona,12,1,74,22788.8,872.9
arizona,12,2,30,9536.4,951.6
arizona,12,3,14,4575.0,1219.5
nebraska,1,1,4,1233.4,60.900000000000006
nebraska,1,2,3,948.1,79.9
nebraska,1,3,1,304.6,54.3
nebraska,2,1,52,15906.8,422.4
nebraska,2,2,23,7367.8,695.4
nebraska,2,3,50,17867.9,15030.8
nebraska,3,1,149,45979.9,1497.7
nebraska,3,2,80,25679.8,2589.9
nebraska,3,3,69,23658.2,10580.2
nebraska,4,1,138,43234.1,1320.8
nebraska,4,2,76,24418.6,2372.7
nebraska,4,3,68,23178.2,11727.3
nebraska,5,1,30,9511.4,322.1
nebraska,5,2,7,2311.7,241.4
nebraska,5,3,2,677.5,109.2
nebraska,6,1,12,3771.6,139.6
nebraska,6,2,15,4794.7,572.4
nebraska,6,3,20,6899.3,3863.1
nebraska,7,1,19,5985.1,201.5
nebraska,7,2,5,1663.1,113.4
nebraska,7,3,2,651.8,200.0
nebraska,8,1,4,1253.3000000000002,48.699999999999996
nebraska,8,2,6,1934.3,153.8
nebraska,8,3,2,715.5,208.8
nebraska,9,1,13,4106.0,136.1
nebraska,9,2,17,5541.9,597.7
nebraska,9,3,6,2036.0,854.6
nebraska,10,1,18,5590.3,201.20000000000002
nebraska,10,2,15,4868.9,463.1
nebraska,10,3,13,4671.2,1621.0
nebraska,11,1,18,5491.3,157.1
nebraska,11,2,9,2910.9,281.8
nebraska,11,3,3,1023.7,246.7
nebraska,12,1,8,2429.0,94.8
nebraska,12,2,8,2524.0,269.0
nebraska,12,3,6,1983.0,548.9000000000001
