latitude,longitude,brightness,acq_date
44.0811,-91.9822,304.5,2024-01-29
46.6478,-91.2296,356.4,2024-02-05
42.5683,-91.55,313.8,2024-02-06
42.591,-92.4785,300.5,2024-02-14
42.9137,-88.8497,301.6,2024-02-18
44.0209,-92.5821,301.0,2024-02-20
42.5575,-92.8831,306.2,2024-02-21
42.8399,-92.7077,308.2,2024-02-22
43.4168,-91.7995,300.2,2024-02-22
43.578,-92.3221,303.1,2024-02-22
43.8346,-90.7691,300.4,2024-02-22
44.1373,-92.6861,316.1,2024-02-22
44.1356,-92.6985,307.2,2024-02-22
44.3639,-92.0272,301.5,2024-02-24
45.3944,-92.6745,303.9,2024-02-24
45.3921,-92.688,306.5,2024-02-24
44.0969,-88.8656,302.4,2024-02-25
42.6772,-91.3522,302.0,2024-02-25
42.8226,-89.1526,300.5,2024-02-27
44.304,-91.3849,306.7,2024-02-27
44.3045,-91.3755,304.0,2024-02-27
43.7395,-91.0513,305.0,2024-02-27
43.7378,-91.0677,307.3,2024-02-27
42.5841,-89.9643,302.3,2024-02-29
42.8974,-90.5161,311.0,2024-03-01
43.4728,-92.2267,305.6,2024-03-01
44.0259,-88.2308,303.4,2024-03-02
44.0278,-88.2366,300.9,2024-03-02
42.9022,-89.7101,308.5,2024-03-02
42.9001,-89.7228,315.7,2024-03-02
43.1073,-88.8998,302.3,2024-03-02
43.1897,-90.2776,321.8,2024-03-02
43.1874,-90.2908,354.2,2024-03-02
43.1966,-90.2938,351.9,2024-03-02
42.7871,-88.5132,301.7,2024-03-02
43.1943,-90.307,328.7,2024-03-02
43.1921,-90.3202,324.8,2024-03-02
43.1967,-90.3269,351.0,2024-03-02
42.6945,-89.7813,308.5,2024-03-02
43.3713,-90.6218,316.8,2024-03-02
42.6859,-88.3395,304.7,2024-03-03
43.5831,-89.603,310.0,2024-03-05
44.0497,-90.6969,302.5,2024-03-05
44.0519,-90.7027,302.0,2024-03-05
44.076,-90.6636,309.8,2024-03-05
44.0743,-90.6781,300.4,2024-03-05
44.0239,-92.5892,302.6,2024-03-05
43.5145,-92.2229,300.1,2024-03-06
43.2542,-92.4027,305.6,2024-03-06
43.2531,-92.5853,303.5,2024-03-06
42.9852,-91.1097,310.8,2024-03-06
42.8419,-91.2978,302.7,2024-03-06
42.8495,-91.3066,302.0,2024-03-06
44.0655,-90.1573,306.8,2024-03-07
43.0721,-91.4874,305.5,2024-03-07
43.2014,-90.047,322.3,2024-03-07
43.0357,-89.976,312.3,2024-03-07
42.9989,-89.7861,314.1,2024-03-07
43.039,-88.9788,306.2,2024-03-07
43.1752,-92.2224,305.3,2024-03-07
43.07,-91.4998,315.8,2024-03-07
44.0549,-90.167,303.5,2024-03-07
44.0742,-90.1598,325.3,2024-03-07
43.5277,-92.3455,311.8,2024-03-07
46.2491,-92.7869,322.2,2024-03-09
46.251,-92.774,341.2,2024-03-09
45.5792,-87.3794,303.4,2024-03-10
43.4752,-92.3245,315.9,2024-03-10
43.3155,-91.746,312.7,2024-03-10
42.6044,-90.3769,300.6,2024-03-10
42.5294,-91.4096,307.8,2024-03-10
42.5267,-91.4146,305.5,2024-03-10
42.618,-91.5203,308.2,2024-03-10
42.6164,-91.5359,314.6,2024-03-10
42.6875,-92.2663,303.3,2024-03-10
42.8183,-92.1098,304.7,2024-03-10
42.8281,-92.1118,305.5,2024-03-10
42.9176,-92.1374,306.4,2024-03-10
42.9273,-92.1394,303.7,2024-03-10
43.0115,-91.9246,315.5,2024-03-10
43.0098,-91.9399,300.6,2024-03-10
43.2707,-89.5591,328.5,2024-03-10
43.2821,-89.5607,317.2,2024-03-10
43.2952,-89.5421,308.2,2024-03-10
43.3986,-89.6699,328.9,2024-03-10
43.3967,-89.6912,310.8,2024-03-10
43.2376,-91.9887,304.3,2024-03-10
43.2782,-92.6292,307.9,2024-03-10
43.4225,-92.4482,307.3,2024-03-10
43.921,-91.5845,309.2,2024-03-10
44.2553,-92.4487,303.9,2024-03-10
44.2537,-92.4638,308.4,2024-03-10
44.348,-92.4438,308.0,2024-03-10
44.3463,-92.4593,312.5,2024-03-10
43.6317,-91.7237,328.2,2024-03-10
43.63,-91.74,304.8,2024-03-10
43.6896,-92.4104,306.7,2024-03-10
43.4205,-92.4407,308.4,2024-03-10
44.1998,-89.6377,304.9,2024-03-11
44.1968,-89.6217,300.1,2024-03-11
43.5378,-92.4006,301.4,2024-03-11
43.2086,-90.8729,319.9,2024-03-11
43.206,-90.8586,309.6,2024-03-11
42.6335,-88.5552,305.1,2024-03-11
43.1325,-90.7608,301.9,2024-03-11
43.1723,-91.2919,323.2,2024-03-11
43.1787,-91.2647,304.8,2024-03-11
43.3955,-89.6663,304.2,2024-03-11
43.3904,-89.6571,304.5,2024-03-11
43.1383,-90.7352,303.5,2024-03-11
44.0698,-90.7341,300.2,2024-03-12
44.068,-90.6991,308.1,2024-03-12
44.0812,-90.6835,301.6,2024-03-12
44.0771,-90.693,304.4,2024-03-12
44.0457,-90.7099,305.7,2024-03-12
42.854,-91.9981,301.1,2024-03-12
42.951,-89.8715,318.2,2024-03-12
44.0616,-90.6859,307.6,2024-03-12
44.0762,-90.716,329.9,2024-03-12
44.0852,-90.7183,319.1,2024-03-12
44.0319,-92.499,309.5,2024-03-12
45.0126,-91.1726,305.8,2024-03-12
42.9656,-92.1268,304.5,2024-03-12
42.8721,-91.7603,302.3,2024-03-12
43.1142,-89.1874,304.6,2024-03-13
43.4865,-92.042,308.1,2024-03-13
43.1298,-89.5266,303.2,2024-03-13
43.4775,-92.0442,306.5,2024-03-13
43.1427,-89.9818,305.1,2024-03-13
43.1068,-89.8037,301.9,2024-03-13
42.9084,-88.5379,304.8,2024-03-13
42.9086,-89.2972,304.4,2024-03-13
43.2368,-89.4392,303.6,2024-03-13
44.1348,-92.2921,301.6,2024-03-13
44.3736,-88.5646,304.0,2024-03-13
42.6507,-89.3126,341.4,2024-03-13
43.5485,-89.2483,301.0,2024-03-15
42.5169,-89.3271,316.8,2024-03-16
42.5213,-89.3483,316.2,2024-03-16
42.5162,-89.3438,325.3,2024-03-16
45.8684,-92.5766,326.5,2024-03-18
45.8792,-92.5472,309.8,2024-03-18
45.8702,-92.5818,326.3,2024-03-18
45.8809,-92.5434,303.8,2024-03-18
45.8794,-92.5911,307.4,2024-03-18
46.1221,-92.0726,313.8,2024-03-18
46.1206,-92.1234,302.1,2024-03-18
46.1122,-92.0804,315.5,2024-03-18
43.4858,-91.3364,302.0,2024-03-19
42.5436,-89.2505,313.8,2024-03-19
42.5419,-89.2625,306.4,2024-03-19
42.5507,-89.2648,305.2,2024-03-19
42.7682,-89.955,309.7,2024-03-19
43.4883,-91.3447,303.9,2024-03-19
45.1165,-91.5701,314.7,2024-03-19
42.6842,-91.5551,302.4,2024-03-19
42.8744,-92.2804,304.7,2024-03-19
42.8373,-92.2209,322.5,2024-03-20
42.873,-90.0919,300.1,2024-03-20
43.3766,-91.1307,309.0,2024-03-20
43.3715,-91.1376,326.4,2024-03-20
45.907,-92.551,340.7,2024-03-20
45.9052,-92.5792,335.5,2024-03-20
46.143,-92.092,312.7,2024-03-20
44.2799,-89.5749,351.0,2024-03-28
44.2766,-89.5578,318.3,2024-03-28
44.2748,-89.5832,320.1,2024-03-28
44.2716,-89.5661,323.5,2024-03-28
43.4069,-88.8349,301.6,2024-03-28
43.5519,-89.608,315.4,2024-03-28
43.5488,-89.6242,303.8,2024-03-28
44.2372,-89.1876,307.2,2024-03-28
43.1356,-89.443,314.7,2024-03-28
42.6888,-89.8078,304.0,2024-03-28
44.0244,-88.8349,320.9,2024-03-29
44.0724,-89.0398,307.1,2024-03-29
42.5528,-88.378,307.3,2024-03-29
42.7669,-90.012,314.9,2024-03-29
43.3123,-89.3581,300.1,2024-03-29
43.3106,-89.3757,300.1,2024-03-29
44.021,-88.8469,328.4,2024-03-29
44.0226,-88.8545,316.7,2024-03-29
42.7689,-92.6553,344.3,2024-03-30
43.6064,-91.6146,315.2,2024-03-30
43.5976,-91.6169,305.5,2024-03-30
43.4653,-91.2684,320.7,2024-03-30
43.2647,-92.0162,304.4,2024-03-30
43.18,-92.0056,305.7,2024-03-30
43.0313,-92.4082,334.4,2024-03-30
43.0296,-92.3959,315.3,2024-03-30
42.7094,-92.7645,314.4,2024-03-30
42.7005,-92.7666,368.3,2024-03-30
42.6988,-92.7542,316.5,2024-03-30
42.6543,-92.6951,309.7,2024-03-30
42.7639,-92.6535,302.6,2024-03-30
43.4557,-91.2782,301.0,2024-03-30
43.4934,-92.1909,302.1,2024-03-30
44.1281,-90.7704,302.1,2024-03-30
44.1339,-90.769,301.2,2024-03-30
43.4142,-91.7979,320.8,2024-03-30
43.4127,-91.8484,311.2,2024-03-30
43.4171,-91.8027,311.8,2024-03-30
43.4017,-92.5347,309.1,2024-04-05
43.3943,-92.5043,314.2,2024-04-05
43.4091,-92.5366,306.6,2024-04-05
43.4019,-92.5061,318.5,2024-04-05
42.8272,-92.344,303.0,2024-04-05
43.9915,-92.3321,304.6,2024-04-05
44.376,-92.8263,309.2,2024-04-05
44.5684,-92.033,307.5,2024-04-05
44.0114,-91.4201,303.3,2024-04-06
44.7164,-90.4777,303.6,2024-04-06
42.7519,-90.225,318.0,2024-04-06
43.7024,-91.7238,301.0,2024-04-06
43.4256,-91.9099,313.4,2024-04-06
42.8961,-87.8851,302.9,2024-04-06
42.9554,-88.6008,300.2,2024-04-06
43.3382,-91.8608,308.0,2024-04-06
43.3286,-91.8627,312.1,2024-04-06
43.0601,-91.8343,308.8,2024-04-06
42.6117,-89.3141,301.2,2024-04-06
42.8578,-91.6732,305.4,2024-04-06
42.7188,-91.2772,310.5,2024-04-06
42.7094,-91.279,312.0,2024-04-06
42.731,-92.7065,306.5,2024-04-06
42.7293,-92.6912,308.1,2024-04-06
42.5322,-91.4118,306.3,2024-04-06
42.7308,-89.3001,309.7,2024-04-06
42.7224,-89.3334,300.7,2024-04-06
42.6318,-89.7559,300.7,2024-04-06
42.7326,-89.3083,306.3,2024-04-06
43.0521,-90.5443,301.6,2024-04-06
45.9021,-92.5853,307.4,2024-04-06
45.9002,-92.5461,313.8,2024-04-06
45.8983,-92.5851,332.9,2024-04-06
45.901,-92.5545,324.4,2024-04-06
45.8994,-92.5935,325.8,2024-04-06
43.0121,-89.4631,301.6,2024-04-09
42.9566,-91.6117,303.4,2024-04-09
42.8401,-91.4168,310.0,2024-04-09
42.8309,-91.4197,306.5,2024-04-09
43.0595,-88.9557,313.3,2024-04-09
43.219,-88.3175,316.0,2024-04-09
43.0781,-91.0843,309.0,2024-04-09
42.8974,-91.5274,311.5,2024-04-10
43.9589,-90.6439,317.1,2024-04-10
43.9529,-90.6531,310.8,2024-04-10
43.2967,-90.8247,333.4,2024-04-10
43.2913,-90.8332,325.2,2024-04-10
43.3811,-92.1442,307.5,2024-04-10
43.3849,-92.1492,311.2,2024-04-10
42.6898,-92.8721,320.7,2024-04-10
42.6916,-92.8765,316.4,2024-04-10
42.6823,-92.8394,312.4,2024-04-10
43.2939,-90.8302,321.3,2024-04-10
43.35,-92.1351,329.5,2024-04-10
43.5174,-92.1518,319.9,2024-04-10
44.734,-91.8623,319.6,2024-04-10
43.3968,-91.3872,326.7,2024-04-11
43.3984,-91.3997,339.0,2024-04-11
42.6049,-92.1371,305.3,2024-04-12
42.5997,-92.1134,303.7,2024-04-12
45.8282,-92.6728,321.0,2024-04-12
45.8263,-92.6854,312.7,2024-04-12
45.837,-92.6756,339.5,2024-04-12
44.3294,-91.8747,315.6,2024-04-13
43.9783,-91.4865,307.9,2024-04-13
43.9461,-92.0427,306.9,2024-04-13
43.8901,-91.3908,317.4,2024-04-13
43.9455,-92.028,307.0,2024-04-13
43.8879,-91.3974,312.6,2024-04-13
43.7763,-91.022,305.8,2024-04-13
43.7018,-91.7141,311.9,2024-04-13
43.0692,-89.834,315.0,2024-04-13
42.9788,-89.0308,307.7,2024-04-13
42.9772,-89.0168,309.9,2024-04-13
43.1255,-91.3876,306.8,2024-04-13
43.0482,-90.8101,311.7,2024-04-13
43.0875,-91.8384,309.7,2024-04-13
42.7334,-88.5898,313.8,2024-04-13
42.8601,-91.4698,330.1,2024-04-13
45.8429,-87.9481,319.5,2024-04-13
44.3311,-91.8951,318.7,2024-04-13
42.7681,-91.2365,316.6,2024-04-13
42.9347,-92.4213,314.7,2024-04-13
42.7724,-91.2298,327.6,2024-04-13
42.7664,-91.219,319.8,2024-04-13
42.6636,-90.9964,308.8,2024-04-13
43.0655,-89.4892,314.2,2024-04-13
43.5572,-89.6835,311.0,2024-04-13
42.5618,-92.642,312.8,2024-04-13
42.9344,-89.3314,322.2,2024-04-13
44.2725,-91.9466,322.0,2024-04-13
44.2814,-91.9559,316.7,2024-04-13
45.2807,-90.8597,316.9,2024-04-14
45.2779,-90.8444,341.5,2024-04-14
45.2775,-90.8512,338.0,2024-04-14
45.2747,-90.8359,313.2,2024-04-14
44.0288,-88.762,312.3,2024-04-14
44.2256,-92.4372,315.8,2024-04-14
42.6369,-92.6663,317.2,2024-04-14
44.2283,-92.6796,316.8,2024-04-14
43.4309,-89.0129,318.7,2024-04-14
42.7348,-89.244,321.3,2024-04-14
42.7307,-89.2242,330.2,2024-04-14
43.1424,-91.8276,314.4,2024-04-14
43.1581,-92.6076,325.9,2024-04-14
43.1823,-92.7786,326.8,2024-04-14
43.1544,-92.6153,319.6,2024-04-14
43.1521,-92.6016,316.9,2024-04-14
42.9311,-91.9318,332.3,2024-04-14
42.8602,-91.8776,319.1,2024-04-14
42.9065,-92.2447,322.0,2024-04-14
42.9044,-92.2519,345.6,2024-04-14
42.9019,-92.2377,325.1,2024-04-14
42.638,-91.2985,316.1,2024-04-14
42.6372,-91.2876,316.5,2024-04-14
42.6256,-88.399,324.9,2024-04-14
42.6236,-88.4114,314.0,2024-04-14
42.5516,-89.933,314.9,2024-04-14
42.83,-88.4599,315.1,2024-04-14
42.6107,-89.7649,327.7,2024-04-14
42.839,-88.4626,320.4,2024-04-14
42.6955,-89.3287,328.8,2024-04-14
42.6933,-89.3417,316.3,2024-04-14
42.559,-90.8105,318.7,2024-04-14
43.0183,-89.0122,316.4,2024-04-14
43.0067,-89.4661,314.1,2024-04-14
42.9301,-91.9293,318.4,2024-04-14
43.3768,-91.1166,316.7,2024-04-14
43.3739,-91.1319,322.6,2024-04-14
43.3531,-92.1142,322.7,2024-04-14
43.3498,-92.1308,314.4,2024-04-14
43.9177,-89.2104,310.4,2024-04-14
43.9155,-89.2233,310.6,2024-04-14
44.08,-90.1684,318.4,2024-04-14
43.7809,-92.0161,319.5,2024-04-14
43.7778,-92.0323,323.7,2024-04-14
44.1422,-90.2041,337.8,2024-04-14
44.1609,-90.1883,312.6,2024-04-14
44.1585,-90.202,323.7,2024-04-14
44.3971,-91.4058,317.4,2024-04-14
44.3943,-91.421,316.4,2024-04-14
44.9835,-88.6705,328.3,2024-04-14
44.8918,-89.5274,309.3,2024-04-14
44.9506,-89.7322,306.2,2024-04-14
44.9264,-92.4245,309.6,2024-04-14
43.5569,-91.7135,326.6,2024-04-15
43.555,-91.6785,327.6,2024-04-15
43.2841,-91.6534,310.1,2024-04-15
43.1748,-92.1677,314.5,2024-04-15
42.9928,-89.8982,317.7,2024-04-15
42.9909,-89.9201,317.2,2024-04-15
42.9989,-89.9045,321.6,2024-04-15
43.2,-91.4723,317.4,2024-04-15
43.2935,-91.9342,319.5,2024-04-15
43.5539,-91.6905,324.1,2024-04-15
43.557,-91.6965,325.6,2024-04-15
42.7288,-91.4555,328.4,2024-04-16
42.7283,-91.462,320.4,2024-04-16
42.7343,-91.4306,300.8,2024-04-16
42.7339,-91.4371,315.5,2024-04-16
44.4686,-88.1024,302.3,2024-04-16
45.905,-92.5607,336.9,2024-04-21
45.9032,-92.5482,337.5,2024-04-21
45.8962,-92.5632,310.2,2024-04-21
45.8944,-92.5506,312.7,2024-04-21
45.8699,-92.5706,317.6,2024-04-21
44.4652,-88.0968,304.2,2024-04-21
44.7222,-91.8847,305.5,2024-04-21
44.1503,-88.4799,302.5,2024-04-21
43.9844,-88.5987,301.5,2024-04-21
43.9317,-88.6556,305.6,2024-04-21
43.929,-88.6406,311.0,2024-04-21
43.7394,-88.4609,300.0,2024-04-21
44.0989,-90.7037,305.4,2024-04-21
43.9867,-90.4735,301.2,2024-04-21
43.5596,-89.4945,301.5,2024-04-21
43.4641,-89.7663,300.9,2024-04-21
43.7892,-92.108,307.0,2024-04-21
43.2003,-89.332,303.1,2024-04-21
43.1849,-89.4342,301.7,2024-04-21
43.1559,-89.3834,308.0,2024-04-21
43.4531,-91.6754,317.2,2024-04-21
43.4512,-91.6631,305.7,2024-04-21
43.0978,-89.5284,303.1,2024-04-21
43.4633,-91.9785,334.2,2024-04-21
43.4614,-91.9664,348.2,2024-04-21
42.9146,-88.8483,302.8,2024-04-21
43.1852,-90.4309,301.7,2024-04-21
42.9049,-88.8516,303.3,2024-04-21
43.4229,-92.0218,305.4,2024-04-21
43.4043,-91.9002,309.4,2024-04-21
42.9461,-90.0134,300.8,2024-04-21
42.9437,-89.9998,300.3,2024-04-21
43.2421,-92.174,315.9,2024-04-21
43.2402,-92.162,312.0,2024-04-21
43.1111,-91.627,328.1,2024-04-21
43.1092,-91.6147,313.8,2024-04-21
42.5337,-89.1025,320.2,2024-04-21
42.524,-89.1057,321.9,2024-04-21
42.592,-92.6653,326.8,2024-04-21
42.524,-89.0993,307.7,2024-04-21
42.5211,-89.1147,306.4,2024-04-21
42.522,-89.104,308.5,2024-04-21
42.9126,-88.8567,307.6,2024-04-21
43.1872,-88.6113,306.1,2024-04-21
43.1987,-89.3358,305.3,2024-04-21
43.458,-88.1477,304.8,2024-04-21
43.5988,-88.6859,306.4,2024-04-21
43.6083,-88.6892,311.8,2024-04-21
43.4276,-89.8293,304.7,2024-04-21
43.051,-91.6763,304.2,2024-04-21
44.4601,-88.1001,304.6,2024-04-21
44.6049,-87.8576,305.5,2024-04-21
44.0969,-90.7045,309.5,2024-04-21
44.1044,-90.6939,305.0,2024-04-21
44.1009,-90.7112,305.7,2024-04-21
45.8573,-92.5733,320.7,2024-04-21
45.8531,-92.5933,326.2,2024-04-21
45.8936,-92.5675,318.3,2024-04-21
45.8895,-92.5875,344.8,2024-04-21
45.8938,-92.5748,334.4,2024-04-21
45.8895,-92.5947,329.1,2024-04-21
46.0568,-92.8121,302.2,2024-04-21
46.0525,-92.8325,323.5,2024-04-21
43.422,-91.9433,307.3,2024-04-23
43.3691,-90.8338,306.5,2024-04-23
44.0537,-88.8376,310.5,2024-04-23
43.9742,-92.4184,300.0,2024-04-24
43.6049,-88.6001,303.5,2024-04-24
45.0597,-92.5743,308.4,2024-04-24
44.8864,-92.5971,325.3,2024-04-24
44.8762,-92.6013,308.1,2024-04-24
44.7956,-92.504,301.6,2024-04-24
44.7921,-92.4862,300.5,2024-04-24
44.517,-92.3565,305.6,2024-04-24
43.6113,-88.5925,308.0,2024-04-24
43.618,-88.5943,304.9,2024-04-24
44.2485,-91.4997,301.4,2024-04-24
43.5138,-88.403,304.7,2024-04-24
44.1558,-92.0262,311.4,2024-04-24
42.7981,-89.6328,302.9,2024-04-24
43.1616,-91.3379,306.6,2024-04-24
43.3246,-92.1756,309.0,2024-04-24
44.1566,-90.037,307.7,2024-04-24
42.9623,-88.7366,318.7,2024-04-24
42.9607,-88.7494,325.4,2024-04-24
42.9591,-88.7623,315.4,2024-04-24
42.7279,-92.4333,317.5,2024-04-24
42.9426,-91.7753,312.3,2024-04-24
42.8087,-92.7368,314.8,2024-04-24
43.0305,-92.3997,317.7,2024-04-24
43.0285,-92.412,319.9,2024-04-24
43.1119,-92.418,331.3,2024-04-24
43.1099,-92.4303,317.6,2024-04-24
44.1549,-90.0495,314.6,2024-04-24
44.2216,-90.2419,313.5,2024-04-24
44.1005,-91.9793,317.4,2024-04-24
44.9454,-88.7804,331.3,2024-04-24
44.9437,-88.7942,304.0,2024-04-24
44.5159,-92.3537,313.5,2024-04-24
45.5847,-90.474,304.2,2024-04-24
45.5936,-90.4764,301.5,2024-04-24
46.57,-91.2205,329.1,2024-04-25
46.5682,-91.1961,305.8,2024-04-25
46.1396,-92.0613,309.4,2024-04-25
42.7464,-92.6389,321.3,2024-04-25
42.7444,-92.6462,317.3,2024-04-25
44.1594,-90.0486,310.7,2024-04-25
44.3368,-90.1482,305.3,2024-04-25
44.3384,-90.1411,305.2,2024-04-25
43.9599,-91.5924,307.9,2024-04-25
42.9033,-88.4973,301.0,2024-04-25
42.9001,-88.5036,301.4,2024-04-25
43.0913,-89.0085,306.8,2024-04-25
43.0807,-89.0488,311.3,2024-04-25
43.0861,-89.0098,308.9,2024-04-25
43.0752,-89.05,310.7,2024-04-25
43.4612,-88.3839,324.1,2024-04-25
43.4693,-88.3509,309.6,2024-04-25
43.4599,-88.3873,316.8,2024-04-25
43.474,-88.3945,309.3,2024-04-25
44.5457,-88.2026,310.4,2024-04-25
44.5483,-88.2115,310.9,2024-04-25
44.1927,-91.9456,303.1,2024-04-25
44.1772,-91.9989,304.0,2024-04-25
44.1931,-91.9491,303.9,2024-04-25
44.1774,-92.002,303.3,2024-04-25
46.1254,-92.087,335.2,2024-04-25
45.0099,-92.6795,326.7,2024-04-25
45.0091,-92.6884,323.1,2024-04-25
45.8261,-90.147,301.1,2024-04-25
45.7638,-90.6253,311.6,2024-04-25
45.7587,-90.6257,314.4,2024-04-25
46.1239,-92.0298,310.7,2024-04-25
46.11,-92.0776,335.7,2024-04-25
45.6536,-90.9733,310.4,2024-04-25
43.3958,-89.8006,309.7,2024-04-25
44.19,-91.9651,315.8,2024-04-25
44.3329,-90.1432,310.5,2024-04-25
45.7602,-90.602,314.8,2024-04-25
45.7589,-90.6061,315.8,2024-04-25
45.7571,-90.6451,304.0,2024-04-25
43.8652,-89.7398,308.0,2024-04-30
43.0838,-88.8018,306.6,2024-04-30
44.1574,-90.0531,308.2,2024-05-01
44.0944,-89.4907,316.8,2024-05-01
44.8935,-89.517,305.2,2024-05-03
44.6272,-88.7408,304.6,2024-05-03
44.4782,-87.9238,308.0,2024-05-03
44.4679,-88.0903,310.5,2024-05-03
44.9917,-91.4573,309.5,2024-05-03
44.3256,-88.1799,304.2,2024-05-03
44.1518,-88.4821,308.7,2024-05-03
43.986,-88.6058,305.4,2024-05-03
44.2487,-91.5084,304.2,2024-05-03
43.7391,-88.4614,307.7,2024-05-03
43.4068,-89.203,309.3,2024-05-03
43.461,-89.7643,308.9,2024-05-03
43.2037,-89.3329,308.6,2024-05-03
44.8956,-89.5297,305.0,2024-05-03
43.0668,-89.2999,308.6,2024-05-03
43.0282,-89.3992,308.5,2024-05-03
43.1853,-90.4289,306.3,2024-05-03
43.0096,-89.4591,310.6,2024-05-03
42.9105,-89.1961,310.4,2024-05-03
43.0726,-91.1419,306.0,2024-05-03
42.6157,-92.5358,306.7,2024-05-03
43.1953,-89.3415,312.5,2024-05-03
43.4582,-89.7674,310.9,2024-05-03
44.2729,-88.5197,310.5,2024-05-03
44.4616,-88.0912,313.7,2024-05-03
44.5256,-88.0895,311.7,2024-05-03
44.6273,-88.7449,308.3,2024-05-03
44.8926,-89.5325,307.6,2024-05-03
45.1334,-92.5084,316.4,2024-05-03
45.1418,-92.5168,315.5,2024-05-03
44.2633,-88.6433,309.7,2024-05-05
44.4642,-88.1053,310.0,2024-05-05
43.8659,-91.719,307.0,2024-05-05
43.8739,-91.6869,306.9,2024-05-05
43.8212,-88.1142,307.2,2024-05-06
46.334,-89.5057,300.8,2024-05-06
42.5173,-92.6873,309.7,2024-05-06
43.6713,-88.5982,318.6,2024-05-06
44.1004,-89.4883,316.0,2024-05-06
44.1558,-90.0424,318.8,2024-05-06
44.4675,-88.1789,311.4,2024-05-06
46.3596,-89.0961,309.9,2024-05-06
46.3578,-89.1102,311.0,2024-05-06
45.9592,-92.623,316.7,2024-05-06
46.2861,-91.8653,321.1,2024-05-06
46.2843,-91.878,321.6,2024-05-06
46.2949,-91.868,315.9,2024-05-06
44.8612,-91.4742,309.2,2024-05-08
44.8963,-89.5235,310.9,2024-05-08
44.8939,-89.5096,307.6,2024-05-08
44.4631,-88.0954,310.8,2024-05-08
44.6456,-90.1362,304.3,2024-05-08
43.0986,-89.5273,311.0,2024-05-08
43.199,-89.3391,313.5,2024-05-08
43.9843,-90.4735,309.6,2024-05-08
44.8943,-89.5345,311.5,2024-05-08
45.9388,-92.6046,325.2,2024-05-09
45.9491,-92.6068,337.0,2024-05-09
45.9473,-92.6245,319.9,2024-05-09
45.9544,-92.6132,325.5,2024-05-09
46.2948,-91.8599,313.5,2024-05-09
46.2995,-91.8478,310.7,2024-05-09
46.5456,-91.4967,386.5,2024-05-09
46.5438,-91.5175,392.2,2024-05-09
46.5549,-91.5195,318.9,2024-05-09
44.3854,-88.0749,308.2,2024-05-10
44.896,-89.5265,305.3,2024-05-10
44.8943,-89.5139,305.5,2024-05-10
44.4633,-88.0971,307.7,2024-05-10
42.5982,-88.7182,303.8,2024-05-10
44.1898,-92.5344,310.5,2024-05-10
43.9079,-88.8344,318.3,2024-05-10
43.3749,-91.6077,326.4,2024-05-11
45.8422,-92.6138,326.1,2024-05-11
45.8475,-92.6419,354.0,2024-05-11
46.6668,-91.2354,324.8,2024-05-11
46.665,-91.2496,359.3,2024-05-11
46.6743,-91.252,352.1,2024-05-11
45.9569,-92.6136,326.4,2024-05-13
45.9549,-92.6009,357.2,2024-05-13
45.953,-92.5882,322.3,2024-05-13
45.9463,-92.6103,312.6,2024-05-13
44.8919,-92.596,316.3,2024-05-13
45.9443,-92.5976,313.4,2024-05-13
45.1452,-88.331,323.6,2024-05-13
45.9537,-92.5763,320.0,2024-05-13
45.9513,-92.5902,377.9,2024-05-13
45.9489,-92.6042,344.2,2024-05-13
45.9605,-92.5936,353.4,2024-05-13
45.958,-92.6075,324.8,2024-05-13
46.5917,-91.2694,341.3,2024-05-13
46.6052,-91.3015,321.2,2024-05-13
46.0512,-88.2013,300.6,2024-05-14
46.053,-88.229,311.8,2024-05-14
46.606,-91.2698,304.3,2024-05-14
45.2096,-92.7956,307.1,2024-05-14
46.047,-88.212,302.1,2024-05-14
46.0402,-88.2472,301.0,2024-05-14
44.0749,-90.1549,324.2,2024-05-14
44.0849,-90.1609,310.1,2024-05-14
44.0831,-90.1889,313.7,2024-05-14
44.2777,-90.1698,313.2,2024-05-14
45.8409,-88.1305,310.4,2024-05-14
45.8391,-88.1699,304.2,2024-05-14
45.9646,-92.5902,322.5,2024-05-14
44.4791,-87.9175,305.9,2024-05-15
44.4507,-88.915,307.2,2024-05-15
44.1678,-88.1272,307.6,2024-05-15
44.4114,-91.0798,317.9,2024-05-15
43.8206,-89.7832,308.4,2024-05-15
44.0959,-91.9768,340.4,2024-05-15
44.0281,-92.6086,310.8,2024-05-15
43.162,-89.7837,309.9,2024-05-15
45.1865,-88.3212,314.2,2024-05-15
45.1777,-88.324,345.8,2024-05-15
45.1757,-88.3113,323.6,2024-05-15
44.8968,-89.5308,305.3,2024-05-15
44.895,-89.5186,307.4,2024-05-15
44.8932,-89.5063,305.0,2024-05-15
44.4812,-87.9304,305.6,2024-05-15
43.7938,-88.7932,313.8,2024-05-15
43.791,-88.8082,314.9,2024-05-15
44.8888,-89.5179,310.7,2024-05-15
45.1722,-88.3231,327.1,2024-05-15
45.1839,-88.3124,311.4,2024-05-15
45.1814,-88.3264,319.2,2024-05-15
45.8525,-89.6134,305.5,2024-05-15
45.8289,-90.1875,307.4,2024-05-15
43.3669,-89.3487,321.7,2024-05-17
43.3608,-89.3749,322.2,2024-05-17
43.3625,-89.3715,324.9,2024-05-17
44.8628,-91.475,310.0,2024-05-23
45.889,-91.6684,309.1,2024-05-23
43.0112,-89.4637,312.4,2024-05-25
42.6466,-89.0036,307.7,2024-05-25
42.6368,-89.0069,309.3,2024-05-25
42.8714,-91.4399,306.7,2024-05-25
43.53,-89.977,308.9,2024-05-25
43.0975,-89.5354,311.5,2024-05-25
43.1895,-90.4309,308.5,2024-05-25
44.3282,-88.1751,304.4,2024-05-25
44.2777,-88.5172,308.5,2024-05-25
44.3991,-89.8533,305.8,2024-05-25
43.9889,-88.5948,307.7,2024-05-25
44.2494,-91.4978,308.8,2024-05-25
43.9885,-90.4706,309.2,2024-05-25
43.935,-90.8227,311.1,2024-05-25
43.184,-89.4396,307.8,2024-05-25
44.9143,-89.5852,309.5,2024-05-25
44.8955,-89.5328,306.9,2024-05-25
44.8931,-89.5189,310.3,2024-05-25
44.6319,-88.7434,305.3,2024-05-25
44.4785,-87.9196,307.3,2024-05-25
42.5996,-88.7223,311.0,2024-05-25
43.2005,-89.3315,311.8,2024-05-25
43.4531,-88.6574,309.5,2024-05-25
43.5549,-89.5008,310.5,2024-05-25
44.8912,-89.5216,311.0,2024-05-25
44.4644,-88.0994,311.8,2024-05-30
44.8949,-89.5182,312.1,2024-05-30
43.9859,-88.596,307.2,2024-05-30
44.2481,-91.504,308.9,2024-05-30
43.2003,-89.3392,308.5,2024-05-30
43.1859,-89.4343,309.0,2024-05-30
43.0984,-89.5249,311.2,2024-05-30
44.8978,-89.534,307.9,2024-05-30
45.1827,-89.6602,304.1,2024-05-30
46.3753,-87.6788,319.1,2024-05-30
44.4781,-87.9259,307.8,2024-05-30
46.3703,-87.7001,336.4,2024-05-30
46.3686,-87.7148,315.6,2024-05-30
46.3815,-87.6875,318.1,2024-05-30
46.3798,-87.7023,366.0,2024-05-30
46.378,-87.7171,340.7,2024-05-30
44.8108,-92.8246,304.4,2024-06-04
42.6011,-88.7231,308.6,2024-06-06
42.673,-92.2592,316.9,2024-06-09
46.3785,-87.6932,309.9,2024-06-13
46.3851,-87.6454,305.2,2024-06-13
44.8924,-89.5225,309.3,2024-06-13
45.9771,-87.9768,302.0,2024-06-13
42.5927,-92.8457,301.9,2024-06-14
45.179,-89.6172,306.0,2024-06-17
44.4674,-88.0966,316.8,2024-06-18
43.0968,-89.5344,319.9,2024-06-18
43.1947,-89.3354,317.3,2024-06-18
44.2484,-91.5069,309.3,2024-06-23
44.2461,-91.5113,311.8,2024-06-23
43.4599,-89.7643,310.3,2024-06-23
43.1845,-90.4356,313.1,2024-06-23
44.8896,-89.5282,309.9,2024-06-23
44.475,-87.9252,315.3,2024-06-25
44.4519,-88.9173,307.4,2024-06-25
45.1728,-87.8351,302.0,2024-06-26
44.894,-89.5249,305.6,2024-06-30
46.6514,-88.5758,300.2,2024-06-30
44.4664,-88.094,312.2,2024-06-30
44.2773,-88.5141,308.1,2024-06-30
43.3283,-88.1712,312.7,2024-06-30
43.1601,-89.3244,312.6,2024-06-30
43.2028,-89.3293,313.4,2024-06-30
43.1828,-89.4411,312.7,2024-06-30
43.2519,-89.3311,312.6,2024-06-30
43.1703,-89.8074,311.6,2024-06-30
44.8613,-91.4695,314.8,2024-06-30
44.9651,-89.7331,307.5,2024-06-30
44.8909,-89.5333,312.7,2024-06-30
44.8933,-89.5195,314.3,2024-06-30
44.6404,-90.1435,312.0,2024-06-30
44.4771,-87.9285,313.1,2024-06-30
44.4539,-89.4447,307.0,2024-06-30
44.8975,-89.5254,305.2,2024-07-01
42.6606,-90.9596,303.7,2024-07-03
44.9681,-89.7245,307.1,2024-07-03
44.2451,-91.5008,311.6,2024-07-03
43.9867,-88.5979,309.8,2024-07-03
44.9,-91.862,312.0,2024-07-03
44.8923,-89.5294,310.1,2024-07-03
43.1857,-89.4379,312.1,2024-07-03
43.1975,-89.3316,311.7,2024-07-03
43.4644,-89.759,313.0,2024-07-03
43.9343,-90.8223,313.2,2024-07-03
43.0127,-89.46,313.0,2024-07-03
42.5992,-88.7172,309.2,2024-07-03
43.1974,-89.3332,311.3,2024-07-05
44.2449,-91.5052,312.0,2024-07-08
44.8621,-89.6273,312.7,2024-07-10
44.911,-89.5866,314.8,2024-07-10
43.461,-89.7649,314.8,2024-07-10
43.198,-89.3357,316.0,2024-07-10
43.0984,-89.5281,317.3,2024-07-10
43.0311,-89.3975,316.6,2024-07-10
44.2461,-91.5086,316.7,2024-07-10
44.4799,-87.9285,315.5,2024-07-12
43.7414,-92.537,311.7,2024-07-13
43.6094,-91.1263,300.1,2024-07-13
43.6073,-91.1137,303.1,2024-07-13
44.4621,-88.0952,317.2,2024-07-14
46.5472,-87.4627,313.3,2024-07-14
45.7046,-91.3719,304.1,2024-07-15
42.7762,-89.2741,311.0,2024-07-15
42.5596,-90.6862,314.8,2024-07-15
42.6064,-89.3819,310.3,2024-07-17
44.0509,-91.6681,303.4,2024-07-19
44.3686,-89.5153,312.8,2024-07-20
44.9544,-89.7258,311.8,2024-07-20
44.9105,-89.5889,315.0,2024-07-20
43.1702,-89.8081,310.6,2024-07-20
44.8682,-91.923,310.8,2024-07-20
43.7414,-88.4655,312.2,2024-07-22
42.6021,-88.72,309.3,2024-07-22
44.4663,-88.0981,316.2,2024-07-22
44.8476,-91.5901,311.1,2024-07-22
44.2443,-91.5127,311.5,2024-07-22
44.2467,-91.4991,312.1,2024-07-22
42.563,-90.6893,316.2,2024-07-22
45.9318,-90.4514,304.1,2024-07-25
44.8618,-91.4633,312.4,2024-07-25
44.2451,-91.9471,311.5,2024-07-25
44.4686,-88.0905,311.7,2024-07-25
44.8941,-89.521,311.7,2024-07-25
45.8195,-89.7181,301.7,2024-07-25
43.1725,-89.8083,306.6,2024-07-25
42.6026,-88.7205,309.7,2024-07-27
44.8948,-89.5229,309.9,2024-07-27
43.0096,-89.4633,312.4,2024-07-27
44.4673,-88.0987,314.6,2024-07-27
43.0605,-89.2994,310.7,2024-07-29
44.2441,-91.5106,312.0,2024-07-29
43.6778,-92.3293,302.4,2024-07-30
43.1885,-90.4334,305.0,2024-07-30
43.1675,-90.0614,315.0,2024-08-03
43.9857,-90.4794,315.5,2024-08-03
44.8958,-89.5231,313.9,2024-08-03
44.8478,-91.5871,317.3,2024-08-03
43.9351,-90.8198,313.1,2024-08-04
44.9116,-89.5936,309.7,2024-08-06
44.4782,-87.927,306.4,2024-08-06
44.6292,-88.7443,305.0,2024-08-06
42.725,-88.2494,308.2,2024-08-10
43.0132,-89.4654,309.8,2024-08-11
44.9136,-89.5879,310.5,2024-08-11
44.89,-89.5148,304.9,2024-08-11
44.6299,-88.7409,305.2,2024-08-11
43.5605,-89.4923,306.7,2024-08-11
43.2042,-89.3261,307.9,2024-08-11
43.175,-90.0562,306.9,2024-08-11
43.8712,-89.1376,306.3,2024-08-12
44.4643,-88.0962,314.3,2024-08-13
44.8921,-89.5107,310.1,2024-08-13
44.8939,-89.523,310.7,2024-08-13
43.0121,-89.4641,311.6,2024-08-13
43.632,-91.4963,310.8,2024-08-13
44.2452,-91.5077,315.2,2024-08-13
44.8964,-91.8655,313.8,2024-08-13
42.6919,-91.4549,304.6,2024-08-14
46.4384,-91.009,310.0,2024-08-14
45.6728,-88.2747,307.0,2024-08-14
45.6646,-88.242,307.9,2024-08-14
44.2461,-91.487,302.0,2024-08-14
45.6741,-88.2445,315.7,2024-08-14
45.6822,-88.2775,306.7,2024-08-14
45.6676,-88.296,324.9,2024-08-14
45.6771,-88.2595,337.7,2024-08-14
45.6772,-88.2671,342.5,2024-08-14
45.6676,-88.3035,312.7,2024-08-14
44.2495,-91.5065,307.6,2024-08-18
44.8917,-89.5248,308.1,2024-08-20
43.8166,-89.0846,303.8,2024-08-21
43.0532,-92.5037,307.8,2024-08-23
43.055,-92.5156,306.8,2024-08-23
43.0093,-89.4568,308.7,2024-08-23
43.1715,-89.8043,307.4,2024-08-23
43.3846,-90.7068,308.1,2024-08-23
43.1962,-89.3417,309.7,2024-09-01
44.8933,-89.5219,306.5,2024-09-01
44.8922,-89.5145,305.2,2024-09-02
44.8629,-91.4704,308.5,2024-09-02
44.9406,-88.2868,306.2,2024-09-02
44.8951,-89.5303,303.5,2024-09-02
44.4674,-88.1013,306.6,2024-09-04
43.0697,-92.5567,309.1,2024-09-04
46.7382,-91.0644,303.8,2024-09-04
44.9123,-89.5861,301.4,2024-09-07
44.86,-91.4757,304.3,2024-09-07
45.2797,-91.9795,301.3,2024-09-08
45.2735,-92.0063,301.8,2024-09-08
45.2786,-91.9833,303.2,2024-09-08
42.5284,-88.1152,307.9,2024-09-09
42.5378,-88.1122,312.4,2024-09-09
42.761,-88.2616,308.6,2024-09-09
43.0101,-89.4613,307.1,2024-09-09
46.1068,-92.0721,336.1,2024-09-12
46.1051,-92.0927,342.1,2024-09-12
46.4401,-91.4933,350.8,2024-09-12
46.4383,-91.5159,352.0,2024-09-12
46.4516,-91.4954,313.5,2024-09-12
46.1458,-92.0695,335.3,2024-09-17
46.4622,-91.4934,316.4,2024-09-18
46.4461,-91.5034,324.0,2024-09-18
45.1294,-90.3304,306.9,2024-09-18
46.4521,-91.5231,344.3,2024-09-18
46.4559,-91.5045,369.8,2024-09-18
46.4491,-91.5169,377.6,2024-09-18
46.4529,-91.4983,385.0,2024-09-18
46.4598,-91.4861,310.0,2024-09-18
44.3955,-88.4169,308.9,2024-09-19
45.7681,-87.4401,306.0,2024-09-20
43.1091,-88.3441,313.7,2024-09-21
45.4983,-91.9909,305.1,2024-09-24
44.897,-89.5202,302.5,2024-09-24
45.7713,-87.4324,306.8,2024-09-26
45.1191,-88.3232,303.1,2024-09-27
43.1895,-89.7727,306.0,2024-09-28
43.842,-91.274,300.5,2024-10-01
43.8386,-91.2488,302.6,2024-10-01
43.8403,-91.2614,384.0,2024-10-01
44.8048,-92.8201,302.5,2024-10-01
42.7108,-91.6078,306.2,2024-10-01
44.1491,-91.3363,304.1,2024-10-03
44.1969,-88.283,303.0,2024-10-05
44.9218,-89.6566,302.4,2024-10-05
44.4191,-89.3951,302.8,2024-10-05
44.3645,-89.7297,303.2,2024-10-05
45.7792,-90.5523,300.5,2024-10-05
43.8543,-89.3394,317.8,2024-10-06
43.852,-89.3258,311.2,2024-10-06
45.1808,-88.426,309.8,2024-10-08
44.3586,-92.0175,303.3,2024-10-09
44.0288,-89.7851,308.5,2024-10-10
44.0323,-89.7672,344.9,2024-10-10
43.046,-91.8335,317.2,2024-10-16
45.8476,-92.782,306.0,2024-10-18
43.3575,-88.6858,305.0,2024-10-18
45.8572,-92.7799,328.6,2024-10-18
43.9122,-89.0142,308.5,2024-10-18
42.7172,-92.0091,328.5,2024-10-18
42.7151,-92.0218,320.6,2024-10-18
43.9106,-89.0266,396.8,2024-10-18
43.9089,-89.039,319.6,2024-10-18
43.2861,-88.0443,312.9,2024-10-20
42.691,-92.3775,312.0,2024-10-20
43.9225,-88.7426,322.2,2024-10-20
43.9201,-88.7563,351.9,2024-10-20
44.7988,-89.4187,307.3,2024-10-20
44.902,-87.2532,307.9,2024-10-21
44.3715,-92.0162,306.8,2024-10-21
44.3623,-92.0193,308.3,2024-10-21
45.0904,-88.5911,313.5,2024-10-23
43.0587,-89.8243,302.7,2024-10-23
43.057,-89.8364,357.8,2024-10-23
43.1087,-89.1872,306.3,2024-10-24
43.1163,-89.1985,308.3,2024-10-24
44.8017,-92.8208,300.7,2024-10-25
44.2421,-91.4635,302.4,2024-10-25
44.8001,-92.8293,305.8,2024-10-25
42.9782,-92.1872,334.5,2024-10-28
42.9764,-92.1991,311.7,2024-10-28
43.8895,-92.8517,306.6,2024-10-28
43.0704,-88.5199,307.6,2024-10-29
44.309,-89.5624,324.9,2024-11-02
45.7686,-87.4252,304.1,2024-11-02
42.5549,-91.4714,300.8,2024-11-07
44.2155,-90.0617,303.8,2024-11-07
43.3768,-92.3771,331.6,2024-11-17
43.3752,-92.3896,305.4,2024-11-17
43.4807,-92.6703,300.3,2024-12-07
44.9667,-91.1497,301.4,2024-12-29
